inspection_id,date,school_id,has_electricity,has_drinking_water,has_functional_toilet,has_boundary_wall,has_playground,inspector_name,remarks,inspector_missing
INSP02966,2025-04-02,SCH0476,True,True,True,True,UNKNOWN,Fariq Tripathi,Good condition,False
INSP00970,2025-05-13,SCH0337,True,True,True,True,True,Unnati Kulkarni,Good condition,False
INSP01386,2025-06-26,SCH0127,True,True,False,True,True,Girik Natt,Toilets locked,False
INSP01234,2025-06-02,SCH0372,False,False,True,True,False,Rudra Kurian,Good condition,False
INSP02997,2025-10-29,SCH0517,True,True,True,True,False,Mohammed Dara,Average,False
INSP02408,2025-10-30,SCH0334,UNKNOWN,False,True,False,True,,No remarks,True
INSP02849,2025-07-23,SCH0229,True,True,True,True,False,Meera Sachar,Needs repair,False
INSP01240,2025-12-29,SCH0072,True,True,True,False,False,Shivani Konda,Toilets locked,False
INSP02649,2026-01-20,SCH0516,True,True,True,True,True,Yachana Mody,Good condition,False
INSP01667,2025-05-12,SCH0182,True,True,True,False,True,Eiravati Choudhry,Good condition,False
INSP02398,2026-05-01,SCH0221,True,False,True,False,True,Ira Choudhary,No remarks,False
INSP01451,2025-12-29,SCH0026,True,False,True,True,True,,Needs repair,True
INSP00613,2025-10-04,SCH0092,True,True,True,UNKNOWN,False,Maya Chada,Good condition,False
INSP01189,2025-12-25,SCH0063,True,False,True,True,False,Caleb Lala,Toilets locked,False
INSP00832,2025-10-02,SCH0509,False,UNKNOWN,True,True,False,Xavier Gade,,False
INSP02501,2025-05-10,SCH0033,True,True,True,False,False,Kamya Ravi,Toilets locked,False
INSP00333,2025-10-09,SCH0477,True,UNKNOWN,True,False,True,Jasmit Ramachandran,Toilets locked,False
INSP02727,2025-10-06,SCH0522,True,True,True,True,True,Chasmum Uppal,Good condition,False
INSP00145,2025-11-22,SCH0215,False,True,True,True,False,Yachana Mangat,Toilets locked,False
INSP02233,2025-10-23,SCH0428,True,True,True,True,False,Samaksh Khare,Average,False
INSP01671,2025-12-22,SCH0042,True,True,True,UNKNOWN,True,Manan Mangat,Needs repair,False
INSP01776,2025-09-14,SCH0403,False,True,True,True,UNKNOWN,Manbir Sodhi,Needs repair,False
INSP01733,2025-10-23,SCH0175,True,True,False,True,True,Qarin Nayar,Toilets locked,False
INSP02204,2026-02-06,SCH0010,False,True,True,False,True,,,True
INSP02552,2025-08-04,SCH0140,False,True,True,True,True,Gaurangi Ratti,Toilets locked,False
INSP00219,2025-09-09,SCH0325,False,True,True,True,False,Zehaan Deshpande,Average,False
INSP00292,2025-11-25,SCH0371,True,True,True,False,True,Chasmum Ganguly,No remarks,False
INSP02177,2025-04-26,SCH0583,True,True,UNKNOWN,False,True,Jonathan Jain,Good condition,False
INSP00818,2025-09-16,SCH0078,True,False,True,True,False,Krishna Gaba,Average,False
INSP00602,2025-11-20,SCH0360,True,True,True,True,False,Umang Sagar,Average,False
INSP00018,2026-03-15,SCH0582,True,True,True,True,False,Unnati Goel,,False
INSP00171,2025-02-04,SCH0067,False,True,False,False,False,Sneha Ghosh,Good condition,False
INSP01738,2025-10-02,SCH0230,True,True,True,False,False,Osha Bajwa,,False
INSP02283,2025-09-21,SCH0559,True,True,True,True,True,Sai Warrior,Average,False
INSP02803,2026-02-19,SCH0238,False,True,True,False,False,Ekaraj Sehgal,,False
INSP01408,2026-03-10,SCH0274,UNKNOWN,True,True,False,True,Kamala Roy,Average,False
INSP00179,2025-09-12,SCH0577,True,True,True,True,True,Riya Kant,Good condition,False
INSP01337,2025-06-03,SCH0011,True,True,True,False,False,Imaran Tandon,Toilets locked,False
INSP01815,2025-05-01,SCH0240,False,False,True,True,False,Lavanya Choudhry,Average,False
INSP02205,2025-07-11,SCH0037,True,True,True,False,False,Rudra Bail,Toilets locked,False
INSP01412,2025-08-05,SCH0596,False,True,True,False,False,Sai Bhasin,Average,False
INSP02746,2025-11-13,SCH0422,True,True,True,True,UNKNOWN,Isaac Kalla,,False
INSP01663,2026-06-03,SCH0456,False,True,True,False,UNKNOWN,Neel Ganesh,Needs repair,False
INSP01227,2025-06-29,SCH0398,True,False,UNKNOWN,True,True,Isaiah Mangat,,False
INSP02025,2025-10-08,SCH0219,True,True,True,True,True,Bhanumati Chaudhari,,False
INSP02771,2026-02-03,SCH0339,True,True,True,True,False,Rajata Mistry,Toilets locked,False
INSP02097,2025-05-05,SCH0564,False,False,True,True,UNKNOWN,Laksh Dugar,Good condition,False
INSP00135,2026-09-03,SCH0542,UNKNOWN,True,True,False,True,Jackson Narasimhan,Toilets locked,False
INSP02846,2026-02-12,SCH0258,False,True,True,True,False,Ishanvi Arya,Average,False
INSP02987,2025-06-24,SCH0131,UNKNOWN,True,True,False,True,Kevin Gade,Needs repair,False
INSP00103,2026-02-24,SCH0022,True,True,True,True,True,Netra Ram,Average,False
INSP00415,2025-11-05,SCH0093,True,True,True,True,True,Liam Sibal,Average,False
INSP02697,2026-02-12,SCH0122,True,True,True,False,True,Hritik Naidu,Toilets locked,False
INSP01484,2025-12-21,SCH0362,True,True,True,True,True,Hamsini Pandya,Toilets locked,False
INSP01188,2025-06-15,SCH0005,False,False,True,False,True,Max Shenoy,Toilets locked,False
INSP01730,2025-10-26,SCH0476,False,True,True,True,False,,Good condition,True
INSP02006,2025-08-02,SCH0075,True,True,True,False,False,Zashil Hegde,Average,False
INSP02154,2025-10-12,SCH0434,True,False,True,True,UNKNOWN,,No remarks,True
INSP02572,2025-04-28,SCH0556,True,False,True,False,True,Girindra Tiwari,,False
INSP01147,2025-09-30,SCH0535,True,False,True,False,False,Vritti Agarwal,No remarks,False
INSP00310,2026-02-20,SCH0037,True,True,True,True,UNKNOWN,,,True
INSP02274,2025-12-19,SCH0434,True,True,True,True,False,Baghyawati Chana,Toilets locked,False
INSP02440,2026-01-09,SCH0458,False,True,True,True,False,Shivansh Trivedi,Toilets locked,False
INSP00193,2026-03-12,SCH0533,False,True,True,True,True,Shivansh Tara,No remarks,False
INSP00195,2025-07-12,SCH0346,True,True,True,True,False,Nimrat Hayer,Toilets locked,False
INSP00777,2025-06-18,SCH0058,True,False,True,True,False,Oeshi Pradhan,Needs repair,False
INSP01678,2026-03-24,SCH0263,True,True,True,True,False,Fitan Halder,Toilets locked,False
INSP01236,2025-03-11,SCH0442,False,True,False,False,False,,Good condition,True
INSP01394,2025-09-14,SCH0261,True,True,True,False,False,Yamini Naidu,Needs repair,False
INSP00045,2025-04-11,SCH0003,True,True,False,True,True,Nicholas Keer,No remarks,False
INSP01765,2025-04-28,SCH0167,False,True,False,False,False,Zinal Bhavsar,Average,False
INSP00946,2025-06-09,SCH0129,True,True,True,False,True,Isaac Khatri,,False
INSP02052,2025-08-18,SCH0398,True,True,False,True,False,Peter Mody,No remarks,False
INSP00830,2025-07-20,SCH0526,True,False,True,True,False,Yatin Ghose,Toilets locked,False
INSP02967,2025-09-16,SCH0153,False,True,True,False,False,Falak Jaggi,Good condition,False
INSP02922,2026-02-04,SCH0194,True,True,True,True,False,Isaiah Nagarajan,,False
INSP01279,2025-12-13,SCH0475,True,True,False,True,False,Ekani Oommen,Average,False
INSP02900,2025-06-28,SCH0138,False,True,True,True,False,Maya Sastry,,False
INSP02808,2025-04-30,SCH0052,False,True,True,False,True,Vyanjana Badal,Good condition,False
INSP01802,2026-02-28,SCH0364,False,True,True,True,False,Aishani Dhillon,Needs repair,False
INSP00486,2025-09-06,SCH0501,UNKNOWN,True,True,False,True,Faras Yohannan,Average,False
INSP02372,2026-03-13,SCH0600,True,False,True,True,False,Upkaar Narang,Good condition,False
INSP00443,2025-05-15,SCH0530,True,False,True,True,UNKNOWN,Gauri Deshmukh,Average,False
INSP01642,2025-11-26,SCH0239,True,True,True,UNKNOWN,True,Vasudha Jayaraman,Average,False
INSP02598,2025-04-28,SCH0223,True,True,True,True,True,Pranav Master,Average,False
INSP01714,2025-05-07,SCH0320,False,True,True,True,True,,Good condition,True
INSP02982,2025-09-26,SCH0169,UNKNOWN,True,UNKNOWN,UNKNOWN,True,Sanya Choudhry,Toilets locked,False
INSP00757,2025-10-22,SCH0129,False,True,True,False,True,Bhanumati Sridhar,Needs repair,False
INSP01881,2025-04-29,SCH0593,True,True,True,True,False,Hemani Chander,No remarks,False
INSP00241,2025-11-09,SCH0360,True,True,True,True,True,Peter Rajagopalan,Needs repair,False
INSP02355,2026-01-22,SCH0211,True,True,False,True,True,Alexander Gokhale,,False
INSP01666,2025-12-27,SCH0199,True,True,False,False,False,Diya Saini,,False
INSP02431,2026-03-16,SCH0083,True,True,True,False,True,Ikshita Dhillon,No remarks,False
INSP01744,2026-10-02,SCH0308,True,True,True,False,True,Ekansh Bhandari,No remarks,False
INSP00140,2025-07-10,SCH0103,True,True,False,True,False,Zaitra Chandran,Good condition,False
INSP00347,2025-09-16,SCH0194,UNKNOWN,True,False,True,True,Neel Murthy,,False
INSP01537,2025-10-29,SCH0105,True,True,True,False,True,Chandran Gopal,,False
INSP00315,2025-11-13,SCH0483,True,True,True,False,False,Anvi Tara,Needs repair,False
INSP01743,2026-02-06,SCH0257,True,True,True,True,True,,,True
INSP00323,2025-02-10,SCH0316,True,True,True,False,False,Raksha Jain,Good condition,False
INSP01682,2026-01-07,SCH0302,True,True,True,True,True,Vaishnavi Rau,Average,False
INSP01460,2025-05-09,SCH0289,True,False,True,False,UNKNOWN,Charles Bahri,Average,False
INSP02034,2026-01-12,SCH0386,True,False,False,False,False,Zarna Rau,,False
INSP00257,2025-07-21,SCH0408,UNKNOWN,True,True,True,True,Advay Rama,Average,False
INSP02300,2026-01-17,SCH0566,UNKNOWN,False,True,False,True,Balhaar Wable,Toilets locked,False
INSP01732,2025-11-12,SCH0529,True,False,False,True,False,Dalaja Lala,Needs repair,False
INSP02601,2026-01-03,SCH0154,True,True,True,False,False,Vrishti Dugar,Toilets locked,False
INSP00204,2025-09-06,SCH0590,True,True,False,True,True,Jacob Mani,No remarks,False
INSP01785,2025-03-04,SCH0488,False,True,True,False,False,Vidhi Om,Good condition,False
INSP00299,2025-12-14,SCH0599,False,True,True,False,False,Odika Bhandari,,False
INSP00052,2025-12-07,SCH0320,False,True,True,False,False,Daksha Kapadia,Good condition,False
INSP00215,2025-05-19,SCH0419,True,True,True,False,False,Ikbal Nagy,Needs repair,False
INSP00064,2026-03-03,SCH0051,True,True,True,False,False,Forum Choudhary,Toilets locked,False
INSP02497,2026-02-23,SCH0004,True,True,True,True,False,Ayushman Vyas,Needs repair,False
INSP02801,2025-05-08,SCH0473,False,False,False,True,True,Lavanya Thaker,Needs repair,False
INSP01358,2025-12-11,SCH0527,True,False,True,False,False,Ojasvi Chad,Toilets locked,False
INSP00300,2025-04-13,SCH0443,False,True,True,False,True,Yauvani Narang,Toilets locked,False
INSP00433,2025-08-27,SCH0523,True,True,True,True,True,Viraj Munshi,Toilets locked,False
INSP01101,2026-02-26,SCH0512,False,True,True,False,True,Abdul Dayal,Average,False
INSP00053,2025-04-05,SCH0112,True,True,True,True,False,Lipika Agarwal,Needs repair,False
INSP00795,2025-10-20,SCH0458,False,True,True,True,UNKNOWN,Caleb Pandya,No remarks,False
INSP02078,2025-10-15,SCH0542,False,True,True,False,False,Raghav Bakshi,Average,False
INSP01252,2025-10-22,SCH0450,True,True,True,False,False,Dev Sawhney,Average,False
INSP01075,2025-09-03,SCH0176,False,True,False,True,False,Oviya Sidhu,Average,False
INSP02378,2025-07-03,SCH0441,True,True,True,True,False,Manthan Bora,,False
INSP01588,2025-12-12,SCH0440,True,True,True,True,True,Yatin Mander,Toilets locked,False
INSP01289,2025-10-31,SCH0546,True,True,True,True,True,Brijesh Natarajan,Toilets locked,False
INSP01675,2025-08-26,SCH0035,True,True,True,True,UNKNOWN,Rachana Vaidya,No remarks,False
INSP02133,2026-01-12,SCH0367,True,False,True,UNKNOWN,False,Krishna Viswanathan,Toilets locked,False
INSP01448,2026-03-03,SCH0422,True,True,True,UNKNOWN,False,Isaac Pall,Average,False
INSP02897,2025-10-14,SCH0263,True,True,False,False,False,Idika Muni,No remarks,False
INSP00071,2025-08-20,SCH0047,True,UNKNOWN,True,False,False,Advaith Ghosh,No remarks,False
INSP00643,2026-03-30,SCH0506,True,True,True,True,True,Anjali Lalla,No remarks,False
INSP02543,2026-03-04,SCH0164,False,True,True,False,True,Quincy Ramaswamy,No remarks,False
INSP00945,2025-11-12,SCH0073,True,True,True,False,True,Omaja Ghose,Toilets locked,False
INSP02852,2026-01-11,SCH0050,True,True,True,UNKNOWN,False,Hardik Venkatesh,,False
INSP02539,2025-04-21,SCH0131,True,UNKNOWN,True,True,True,Jeet Swaminathan,,False
INSP01106,2025-04-13,SCH0254,True,UNKNOWN,True,True,False,,No remarks,True
INSP01175,2025-04-22,SCH0422,False,False,True,False,False,Amaira Tara,Average,False
INSP02670,2025-08-10,SCH0525,False,True,False,True,UNKNOWN,Krish Kala,,False
INSP01757,2025-04-25,SCH0354,UNKNOWN,True,True,True,True,Siya Kashyap,,False
INSP00479,2025-07-09,SCH0535,True,False,True,False,UNKNOWN,Eiravati Buch,Toilets locked,False
INSP02178,2026-01-03,SCH0160,True,True,False,False,True,Madhav Rattan,Needs repair,False
INSP02429,2025-06-14,SCH0291,True,True,False,True,False,Ekantika Nath,Needs repair,False
INSP00730,2025-09-10,SCH0305,True,False,True,True,False,Eshana Dey,Needs repair,False
INSP01761,2025-07-18,SCH0564,False,True,True,True,UNKNOWN,Tanveer Reddy,Average,False
INSP02282,2025-10-30,SCH0168,True,True,True,False,True,Yug Sur,Average,False
INSP00290,2025-12-28,SCH0416,UNKNOWN,True,UNKNOWN,True,True,Warjas Vala,,False
INSP01092,2025-12-23,SCH0532,True,True,True,False,True,Balendra Warrior,Needs repair,False
INSP01420,2025-05-01,SCH0040,False,True,True,True,UNKNOWN,Darsh Nori,Needs repair,False
INSP00451,2025-07-15,SCH0490,True,True,False,False,False,Qushi Tella,Average,False
INSP02443,2026-02-23,SCH0473,True,UNKNOWN,True,True,UNKNOWN,Chavvi Pradhan,,False
INSP00808,2025-07-02,SCH0493,True,False,False,True,UNKNOWN,Azaan Basak,,False
INSP00464,2025-06-30,SCH0227,True,True,True,True,False,Bhavya Doshi,Average,False
INSP02529,2025-07-19,SCH0041,True,True,False,True,True,Advik Raja,Needs repair,False
INSP02699,2025-03-12,SCH0482,True,True,False,True,False,,,True
INSP00568,2026-03-31,SCH0043,True,True,False,False,False,Edhitha Srivastava,Needs repair,False
INSP01611,2025-11-06,SCH0493,True,True,True,True,True,Zehaan Virk,Needs repair,False
INSP00077,2025-08-18,SCH0186,False,False,True,True,False,Aachal Chandra,Good condition,False
INSP00332,2025-08-20,SCH0450,True,True,True,True,True,Fiyaz Chanda,Average,False
INSP00612,2026-03-17,SCH0327,True,True,True,False,UNKNOWN,Geetika Raman,,False
INSP01074,2025-10-12,SCH0265,False,True,True,True,False,Tanvi Wagle,Toilets locked,False
INSP00786,2026-02-13,SCH0313,False,False,False,True,True,Zarna Bhargava,No remarks,False
INSP00046,2025-11-14,SCH0280,True,True,True,True,False,Naksh Ray,Good condition,False
INSP02908,2025-06-12,SCH0248,True,True,False,True,False,Bhavani Gaba,Toilets locked,False
INSP00344,2026-06-01,SCH0451,True,True,True,True,True,Ganga Korpal,Toilets locked,False
INSP02171,2025-11-27,SCH0171,True,True,False,False,False,Anirudh Muni,Good condition,False
INSP01560,2025-09-06,SCH0554,True,True,True,False,False,,Needs repair,True
INSP00545,2025-06-02,SCH0302,False,True,True,True,True,Ishanvi Wason,Needs repair,False
INSP01024,2025-11-08,SCH0428,True,True,True,True,True,Rehaan Ahluwalia,No remarks,False
INSP00153,2025-10-15,SCH0540,True,True,True,True,True,Geetika Kulkarni,,False
INSP01981,2025-05-03,SCH0499,True,True,True,False,False,,Toilets locked,True
INSP01323,2025-09-07,SCH0264,True,True,True,True,False,Triya Dutta,No remarks,False
INSP01019,2025-06-06,SCH0303,True,True,True,True,UNKNOWN,Vedant Hayer,No remarks,False
INSP02182,2026-01-29,SCH0248,True,True,True,False,True,Krisha Mital,Good condition,False
INSP00001,2025-09-22,SCH0087,True,True,True,True,UNKNOWN,Ira Ranganathan,Good condition,False
INSP01463,2025-06-28,SCH0247,False,True,False,True,True,Alexander Garde,Needs repair,False
INSP00622,2025-10-05,SCH0089,False,True,True,False,False,Girish Batta,Average,False
INSP00409,2025-04-17,SCH0069,True,True,True,False,True,Vaishnavi Sarkar,No remarks,False
INSP02837,2025-04-06,SCH0424,False,UNKNOWN,False,False,UNKNOWN,Gabriel Biswas,Average,False
INSP01967,2025-08-30,SCH0105,True,False,True,False,False,Yoshita Sridhar,Toilets locked,False
INSP02845,2025-11-29,SCH0341,True,True,True,True,True,Parth Bawa,Average,False
INSP01622,2026-03-15,SCH0546,True,True,False,False,True,Chaman Dubey,,False
INSP01367,2025-12-21,SCH0078,True,True,True,True,True,Suhani Viswanathan,Good condition,False
INSP00888,2025-08-21,SCH0179,False,False,True,UNKNOWN,False,Niharika Subramaniam,,False
INSP01845,2025-05-20,SCH0105,True,True,True,True,UNKNOWN,Wridesh Patil,,False
INSP00033,2025-06-24,SCH0323,True,True,True,True,True,Urvi Dani,,False
INSP00212,2025-05-22,SCH0080,True,True,True,False,False,Daksh Vora,Good condition,False
INSP02551,2025-12-20,SCH0186,True,True,True,True,False,David Cheema,Toilets locked,False
INSP00015,2025-04-05,SCH0124,True,True,False,True,True,Yashoda Jani,Average,False
INSP00094,2025-10-28,SCH0234,True,False,True,False,True,Ekapad Rattan,Needs repair,False
INSP01256,2025-08-30,SCH0037,True,True,True,True,True,Manya Mody,No remarks,False
INSP01398,2025-11-05,SCH0517,True,True,True,False,False,Wahab Patil,Toilets locked,False
INSP02819,2025-11-10,SCH0116,True,True,False,UNKNOWN,True,,Good condition,True
INSP00355,2026-03-02,SCH0410,True,True,UNKNOWN,True,False,Yoshita Nazareth,Average,False
INSP00150,2025-12-30,SCH0428,True,False,False,False,True,Christopher Dutt,Good condition,False
INSP00255,2025-05-05,SCH0540,True,True,False,True,True,Jai Varughese,Average,False
INSP02030,2025-04-04,SCH0010,True,True,False,True,False,,,True
INSP00599,2025-04-13,SCH0292,True,True,False,True,False,Bakhshi Shan,,False
INSP00185,2025-05-30,SCH0041,False,True,True,False,False,Osha Iyengar,No remarks,False
INSP00579,2025-06-07,SCH0345,False,True,UNKNOWN,False,False,,Average,True
INSP01091,2025-09-12,SCH0447,True,True,True,True,True,,,True
INSP01174,2025-11-25,SCH0340,True,True,True,True,False,Maanav Rau,Needs repair,False
INSP02252,2025-12-04,SCH0476,True,True,True,False,False,Anita Kannan,,False
INSP00472,2025-08-26,SCH0242,True,True,True,False,True,Janya Lalla,Average,False
INSP01966,2026-03-13,SCH0281,True,True,False,False,True,Vihaan Varma,Good condition,False
INSP01964,2025-06-21,SCH0598,True,True,True,True,False,Jeevika Pandit,Average,False
INSP01303,2026-03-17,SCH0359,True,True,UNKNOWN,True,False,Vihaan Bora,Good condition,False
INSP02998,2026-03-20,SCH0117,True,True,UNKNOWN,True,False,Arya Shenoy,Toilets locked,False
INSP00258,2025-06-07,SCH0067,False,True,True,True,False,Unnati Iyengar,Toilets locked,False
INSP00933,2025-07-02,SCH0176,False,True,True,True,True,Yashasvi Sethi,No remarks,False
INSP01685,2025-11-20,SCH0505,True,True,False,False,False,Ayushman Chand,Average,False
INSP00719,2025-12-06,SCH0533,True,True,True,True,True,Harinakshi Boase,,False
INSP00597,2026-06-02,SCH0014,False,True,False,True,False,Rohan Rau,No remarks,False
INSP00611,2025-09-01,SCH0432,True,True,True,True,True,Nachiket Purohit,No remarks,False
INSP00756,2025-10-24,SCH0489,UNKNOWN,True,True,False,False,Suhani Baral,Toilets locked,False
INSP02326,2025-08-14,SCH0196,True,True,True,True,True,Wazir Varty,Good condition,False
INSP01507,2025-09-28,SCH0177,False,UNKNOWN,True,False,True,Chanchal Parmer,,False
INSP02488,2025-12-13,SCH0209,True,False,True,True,False,Urvi Datta,Toilets locked,False
INSP01887,2025-07-16,SCH0019,True,True,True,True,UNKNOWN,Balvan Vohra,,False
INSP01339,2025-04-11,SCH0428,False,True,False,True,True,,Good condition,True
INSP02612,2025-09-08,SCH0400,UNKNOWN,True,True,False,False,Wahab Thakkar,No remarks,False
INSP00175,2025-04-18,SCH0427,True,True,True,False,False,Abdul Ratti,Average,False
INSP01392,2025-07-10,SCH0428,True,True,True,True,True,Yug Pradhan,Needs repair,False
INSP02249,2026-03-17,SCH0026,True,True,True,True,UNKNOWN,Tanmayi Goel,,False
INSP00121,2025-09-08,SCH0480,True,True,True,True,True,Ekanta Ramesh,No remarks,False
INSP02893,2026-09-01,SCH0257,True,True,True,True,True,Maya Cheema,Toilets locked,False
INSP00529,2026-03-25,SCH0080,True,True,True,UNKNOWN,True,Jacob Buch,Needs repair,False
INSP02568,2026-01-24,SCH0356,True,True,False,True,True,Mahika Swaminathan,,False
INSP00904,2026-02-13,SCH0380,UNKNOWN,True,True,UNKNOWN,False,Sai Vasa,Toilets locked,False
INSP02916,2026-03-19,SCH0327,True,True,False,False,True,Aditya Korpal,Needs repair,False
INSP00440,2025-10-15,SCH0026,True,True,True,True,True,Ronith Desai,Toilets locked,False
INSP01379,2025-06-04,SCH0026,True,True,True,True,UNKNOWN,Samar Sandal,Average,False
INSP02773,2025-08-27,SCH0124,True,True,True,True,True,Pratyush Parsa,Good condition,False
INSP02145,2025-12-07,SCH0522,True,UNKNOWN,False,True,True,Hemal Contractor,Good condition,False
INSP00189,2025-12-10,SCH0311,True,True,True,True,True,Ishanvi Mangal,Average,False
INSP01951,2025-08-13,SCH0202,True,True,False,True,True,,Average,True
INSP01265,2026-12-01,SCH0122,True,True,True,False,False,Maanas Murty,Toilets locked,False
INSP02351,2025-04-20,SCH0204,True,False,True,False,False,Leena Wason,,False
INSP01115,2025-04-09,SCH0269,UNKNOWN,False,False,True,True,Darsh Krishna,No remarks,False
INSP00271,2026-12-01,SCH0240,True,True,True,True,False,Timothy Ghosh,Toilets locked,False
INSP00252,2025-04-10,SCH0111,True,True,True,True,False,Mohini Soni,,False
INSP00369,2026-03-27,SCH0347,False,True,False,True,True,Geetika Mishra,Toilets locked,False
INSP00388,2025-06-27,SCH0573,True,True,True,False,True,Ishaan Chandran,Average,False
INSP01422,2026-01-09,SCH0024,True,True,UNKNOWN,True,False,George Rai,Good condition,False
INSP00810,2025-10-25,SCH0511,False,True,True,False,False,Ira Lall,,False
INSP01953,2025-06-06,SCH0033,False,UNKNOWN,False,False,True,Ria Ray,No remarks,False
INSP02483,2025-06-27,SCH0237,UNKNOWN,True,True,True,True,Bhanumati Balay,Needs repair,False
INSP00247,2025-12-19,SCH0255,False,True,False,True,False,,Needs repair,True
INSP01238,2025-05-20,SCH0211,True,True,False,True,True,Finn Oommen,No remarks,False
INSP02432,2025-08-05,SCH0406,True,UNKNOWN,True,UNKNOWN,True,Lekha Khanna,Average,False
INSP01150,2025-10-09,SCH0432,False,True,True,False,False,Abhimanyu Gopal,Needs repair,False
INSP02168,2025-03-09,SCH0592,False,True,True,True,False,Isha Nazareth,,False
INSP00977,2025-08-28,SCH0305,True,True,True,True,False,Samar Modi,Good condition,False
INSP02500,2025-09-14,SCH0294,True,True,True,True,UNKNOWN,,Needs repair,True
INSP02165,2025-10-31,SCH0541,True,True,True,True,True,Vansha Mand,Toilets locked,False
INSP00444,2026-02-04,SCH0458,True,True,True,True,True,Abha Om,Toilets locked,False
INSP02806,2025-12-10,SCH0599,True,True,False,False,True,Abhiram Karnik,Needs repair,False
INSP00565,2025-07-21,SCH0573,True,False,True,True,False,Lohit Palan,Good condition,False
INSP02093,2025-10-29,SCH0375,True,True,True,True,True,Rudra Master,Toilets locked,False
INSP00677,2025-04-11,SCH0143,False,True,True,True,False,Turvi Agarwal,Needs repair,False
INSP00880,2025-07-08,SCH0590,True,True,True,UNKNOWN,False,,Toilets locked,True
INSP02660,2026-07-03,SCH0552,True,True,False,True,False,Nidra Bhatt,No remarks,False
INSP01860,2025-08-17,SCH0576,True,True,True,True,False,Onveer Kalla,Toilets locked,False
INSP02795,2025-12-15,SCH0260,True,True,True,True,False,Arin Seshadri,Average,False
INSP00176,2025-11-13,SCH0556,True,True,True,False,False,Tanay Master,Toilets locked,False
INSP00556,2025-06-16,SCH0479,False,True,True,False,False,Banjeet Garde,Toilets locked,False
INSP02222,2025-11-19,SCH0140,True,True,True,UNKNOWN,UNKNOWN,Tanvi Gupta,Average,False
INSP01557,2025-04-23,SCH0097,False,True,True,True,True,Vidhi Dora,Good condition,False
INSP02959,2026-02-24,SCH0062,False,True,True,True,False,Zinal Halder,No remarks,False
INSP02293,2026-03-07,SCH0237,False,True,True,False,False,Janani Varkey,No remarks,False
INSP01809,2025-12-19,SCH0294,True,True,UNKNOWN,False,True,Nathaniel Mani,Needs repair,False
INSP00868,2025-04-09,SCH0321,True,False,True,False,False,,Good condition,True
INSP02119,2025-04-30,SCH0022,True,True,True,True,True,Dalbir Tandon,Good condition,False
INSP00450,2025-12-28,SCH0066,False,True,True,False,True,,Toilets locked,True
INSP01135,2025-10-20,SCH0317,True,False,False,False,False,Advik Peri,Needs repair,False
INSP01851,2026-02-28,SCH0294,True,True,True,True,True,Keya Dua,,False
INSP00582,2025-12-27,SCH0312,False,True,False,UNKNOWN,False,Lekha Mammen,,False
INSP02491,2026-01-27,SCH0066,False,True,True,False,True,Eta Lalla,Average,False
INSP02051,2025-10-22,SCH0072,True,True,True,True,True,Thomas Dhar,Good condition,False
INSP02664,2025-06-13,SCH0199,False,True,False,UNKNOWN,False,Bakhshi Koshy,No remarks,False
INSP01426,2026-01-18,SCH0067,True,True,True,True,True,Urvi Chandra,Average,False
INSP02172,2025-05-25,SCH0172,False,True,True,True,True,Upadhriti Singhal,No remarks,False
INSP00765,2025-04-26,SCH0333,False,True,False,False,False,Maanas Gupta,,False
INSP02549,2025-10-04,SCH0193,True,True,True,False,False,Advik Morar,Good condition,False
INSP00508,2026-03-14,SCH0042,True,True,False,True,True,,Good condition,True
INSP01946,2025-11-13,SCH0282,True,True,True,False,True,Yug Sachdeva,Average,False
INSP00267,2025-12-26,SCH0482,True,True,True,False,False,Manthan Maharaj,Needs repair,False
INSP00197,2026-01-14,SCH0416,True,False,UNKNOWN,True,True,Rajata Sarraf,Average,False
INSP02941,2025-04-18,SCH0198,True,UNKNOWN,True,False,False,Jalsa Dhar,Average,False
INSP00089,2025-06-14,SCH0256,True,True,False,False,True,Thomas Kar,No remarks,False
INSP02884,2025-12-06,SCH0265,True,True,True,False,True,Nitara Chandra,Needs repair,False
INSP01318,2025-06-06,SCH0350,True,True,True,True,False,,Good condition,True
INSP02826,2025-04-13,SCH0414,True,True,True,True,True,Warinder Palan,Good condition,False
INSP00679,2025-07-25,SCH0278,True,True,False,True,False,Wishi Hayre,No remarks,False
INSP00913,2025-05-03,SCH0592,UNKNOWN,True,True,True,False,Aarini Korpal,Toilets locked,False
INSP00728,2026-03-30,SCH0033,True,True,True,True,True,Ridhi Gour,No remarks,False
INSP00411,2026-01-23,SCH0049,True,True,True,True,False,Harita Bala,Needs repair,False
INSP00991,2026-01-22,SCH0546,True,True,True,True,False,Keya Sampath,Good condition,False
INSP00583,2025-06-25,SCH0152,False,False,True,True,False,,Needs repair,True
INSP02724,2025-12-23,SCH0574,True,True,True,UNKNOWN,False,Urvi D’Alia,,False
INSP00026,2025-09-25,SCH0114,UNKNOWN,True,True,True,True,,Needs repair,True
INSP02359,2025-03-08,SCH0388,UNKNOWN,True,True,True,False,Eshana Devan,,False
INSP02709,2025-12-11,SCH0525,True,True,True,True,UNKNOWN,,No remarks,True
INSP01948,2025-11-04,SCH0221,True,True,True,True,True,Wahab Nadig,Toilets locked,False
INSP02015,2025-08-22,SCH0162,True,True,True,False,False,Isaac Verma,Toilets locked,False
INSP02164,2026-01-23,SCH0093,True,True,True,False,False,Chameli Ravel,No remarks,False
INSP01840,2026-03-12,SCH0388,True,UNKNOWN,True,False,UNKNOWN,Laksh Puri,Toilets locked,False
INSP00322,2025-08-25,SCH0408,True,False,True,False,True,Harrison Sharaf,Toilets locked,False
INSP01427,2025-04-25,SCH0474,True,True,True,True,False,Siddharth Rajagopalan,Average,False
INSP02426,2025-07-14,SCH0567,True,False,True,True,True,Jack Thaker,Average,False
INSP01610,2025-08-30,SCH0406,True,False,UNKNOWN,True,False,Abhiram Kapadia,,False
INSP00424,2025-10-22,SCH0072,True,True,True,True,False,Jonathan Murty,Needs repair,False
INSP01413,2025-05-09,SCH0543,True,True,True,False,True,Jairaj Buch,,False
INSP00068,2025-08-05,SCH0361,True,True,True,False,True,Wahab Vala,,False
INSP02294,2026-03-07,SCH0319,True,True,True,True,False,Yashica Chatterjee,Toilets locked,False
INSP01619,2025-09-13,SCH0001,False,True,UNKNOWN,False,False,Devika Walia,Toilets locked,False
INSP02607,2026-01-17,SCH0046,True,False,UNKNOWN,True,False,Yuvraj Dey,Average,False
INSP00032,2025-05-28,SCH0556,True,True,True,True,True,Sai Rana,Good condition,False
INSP02679,2025-12-05,SCH0412,False,True,True,False,UNKNOWN,Samesh Koshy,Good condition,False
INSP00528,2025-08-11,SCH0415,False,True,True,True,True,Ekavir Jayaraman,,False
INSP02288,2025-12-12,SCH0332,True,True,True,False,True,Geetika Chatterjee,Average,False
INSP00458,2026-01-14,SCH0311,True,True,True,True,False,Zansi Dhar,No remarks,False
INSP02659,2026-12-02,SCH0175,True,True,True,False,False,Michael Doctor,Average,False
INSP02902,2025-04-19,SCH0217,True,True,True,True,True,Chasmum Sheth,,False
INSP02454,2025-06-28,SCH0341,True,True,True,False,False,,No remarks,True
INSP02919,2026-08-01,SCH0463,True,True,True,True,True,Gaurika Acharya,Good condition,False
INSP00863,2025-06-22,SCH0195,False,True,True,True,True,Caleb Thaman,Good condition,False
INSP02675,2025-05-12,SCH0065,True,True,True,UNKNOWN,True,Lavanya Chad,Needs repair,False
INSP00167,2026-03-01,SCH0002,True,True,True,True,True,Ekapad Bandi,Average,False
INSP00125,2025-08-09,SCH0213,False,True,True,True,False,Yashica Dhar,Average,False
INSP02595,2025-04-07,SCH0201,True,True,True,True,False,,Good condition,True
INSP00683,2025-06-02,SCH0075,False,True,True,False,False,Aarna Khalsa,Average,False
INSP02330,2025-07-18,SCH0296,False,True,True,False,True,Manya Vasa,Average,False
INSP00573,2025-05-26,SCH0521,False,False,False,True,True,Hema Badal,Toilets locked,False
INSP01199,2025-12-16,SCH0448,True,UNKNOWN,True,True,False,Gaurav Ramaswamy,Toilets locked,False
INSP01090,2026-05-03,SCH0425,True,True,True,True,UNKNOWN,Sneha Bhalla,,False
INSP01360,2025-07-13,SCH0168,True,True,True,True,True,Triya Dewan,Toilets locked,False
INSP02365,2025-07-03,SCH0260,True,True,True,True,True,Chanakya Manne,Good condition,False
INSP00507,2025-11-09,SCH0570,True,True,True,True,True,Anamika Parmar,Average,False
INSP01273,2025-12-23,SCH0191,True,True,True,True,True,Aachal Garg,Good condition,False
INSP02712,2025-05-20,SCH0016,True,False,True,True,True,Jacob Dani,Toilets locked,False
INSP02046,2025-04-12,SCH0228,UNKNOWN,False,True,True,True,Warda Mander,Needs repair,False
INSP01711,2025-07-07,SCH0017,False,True,True,True,True,Yamini Venkataraman,,False
INSP02871,2025-05-25,SCH0126,True,True,True,False,False,Devansh Jaggi,Average,False
INSP02468,2025-08-07,SCH0528,True,True,True,True,True,Arjun Dyal,Toilets locked,False
INSP00931,2025-09-11,SCH0040,True,True,True,True,False,Chaitanya Palla,No remarks,False
INSP00177,2026-01-27,SCH0137,True,False,False,False,UNKNOWN,Shivani Dutt,Good condition,False
INSP00595,2025-04-23,SCH0586,True,True,True,True,True,Upadhriti Parmar,Good condition,False
INSP01564,2025-07-14,SCH0588,True,True,True,True,True,Patrick Pant,,False
INSP02031,2025-03-10,SCH0018,False,True,False,False,True,Madhav Dass,Needs repair,False
INSP02452,2025-12-26,SCH0043,True,True,True,True,False,Ikbal Viswanathan,,False
INSP01002,2025-10-27,SCH0208,True,True,True,True,UNKNOWN,Harsh Jani,Toilets locked,False
INSP01232,2025-04-24,SCH0471,False,True,True,UNKNOWN,True,David Sant,Average,False
INSP00802,2025-06-17,SCH0517,True,False,True,False,True,Advay Dugal,No remarks,False
INSP00434,2026-02-22,SCH0535,True,True,True,False,True,Nicholas Guha,No remarks,False
INSP00081,2025-06-09,SCH0314,True,False,True,True,False,Kamya Sandhu,Good condition,False
INSP02263,2025-06-16,SCH0494,False,True,UNKNOWN,True,False,Krishna Dash,Average,False
INSP01197,2026-01-10,SCH0073,True,True,UNKNOWN,False,False,Zaid Ram,Toilets locked,False
INSP02094,2025-04-06,SCH0431,True,True,True,True,False,Urvashi Mane,No remarks,False
INSP00417,2025-10-25,SCH0200,True,True,False,False,True,Pranit Luthra,Toilets locked,False
INSP02957,2025-09-24,SCH0212,True,True,True,True,True,Jalsa Choudhry,No remarks,False
INSP00496,2026-01-23,SCH0380,True,True,False,False,True,Sanya Bava,Toilets locked,False
INSP01628,2025-09-25,SCH0044,True,True,True,True,False,Karan D’Alia,Good condition,False
INSP00938,2025-06-11,SCH0053,True,True,True,False,False,Advika Garde,Toilets locked,False
INSP02885,2025-08-24,SCH0225,True,True,True,True,True,Ranbir Rajagopalan,Average,False
INSP00371,2025-09-28,SCH0214,False,True,True,True,False,Samarth Patla,Needs repair,False
INSP01548,2025-06-20,SCH0224,True,False,True,True,False,Fitan Upadhyay,Toilets locked,False
INSP01695,2025-05-25,SCH0577,False,True,True,UNKNOWN,False,Chaaya Boase,Good condition,False
INSP01941,2025-06-30,SCH0478,True,False,True,False,True,Vasatika Jayaraman,Toilets locked,False
INSP01787,2025-04-03,SCH0258,True,True,False,True,False,Jagat Sachar,Average,False
INSP01927,2026-02-09,SCH0053,True,False,True,True,True,Vinaya Pau,Needs repair,False
INSP01573,2025-05-22,SCH0553,True,False,True,True,True,Chatresh Devi,Toilets locked,False
INSP02196,2025-04-08,SCH0194,False,True,False,True,False,Tejas Subramaniam,,False
INSP00839,2025-11-15,SCH0552,True,False,True,True,False,Banjeet Nigam,Toilets locked,False
INSP01243,2026-04-02,SCH0269,True,True,True,True,False,Hardik Anne,Good condition,False
INSP01865,2025-06-30,SCH0387,UNKNOWN,True,False,True,True,Panini Raja,Average,False
INSP00142,2025-09-25,SCH0510,UNKNOWN,False,True,True,False,Mugdha Dugal,Average,False
INSP01207,2025-01-11,SCH0036,True,UNKNOWN,False,True,True,Yauvani Karan,No remarks,False
INSP01728,2025-11-06,SCH0252,False,True,True,UNKNOWN,False,Wriddhish Rege,,False
INSP01481,2025-04-04,SCH0032,True,False,UNKNOWN,UNKNOWN,True,Raksha Rajagopal,,False
INSP01937,2025-05-21,SCH0523,True,UNKNOWN,True,True,False,Agastya Patla,Average,False
INSP01939,2025-12-20,SCH0241,False,True,True,True,True,Sathvik Agate,Toilets locked,False
INSP00533,2026-01-08,SCH0135,True,False,True,True,True,Harita Mukherjee,Needs repair,False
INSP02895,2025-12-01,SCH0104,True,True,True,True,False,Hardik Bir,Good condition,False
INSP02245,2025-10-09,SCH0253,True,True,False,True,False,Omkaar Kothari,No remarks,False
INSP00655,2026-01-13,SCH0121,True,True,True,True,True,Yatin Mann,No remarks,False
INSP02413,2025-12-05,SCH0157,True,UNKNOWN,True,False,False,Aishani Bumb,No remarks,False
INSP00412,2025-04-02,SCH0426,True,True,False,True,False,Anirudh Ganesh,Needs repair,False
INSP00901,2025-10-12,SCH0096,True,True,False,True,True,Neel Roy,,False
INSP00178,2025-10-24,SCH0112,True,False,False,False,UNKNOWN,Inaya Batta,Needs repair,False
INSP00928,2026-07-03,SCH0085,False,True,True,False,True,Yashoda Halder,No remarks,False
INSP02887,2025-10-16,SCH0295,True,True,True,False,True,Gabriel Doctor,Average,False
INSP02535,2026-02-22,SCH0228,True,True,True,True,False,Zansi Varty,Toilets locked,False
INSP01821,2025-12-12,SCH0457,True,False,True,UNKNOWN,True,Darpan Dara,Toilets locked,False
INSP01000,2025-10-20,SCH0210,True,True,True,UNKNOWN,False,Jasmit Bora,Toilets locked,False
INSP02345,2025-12-21,SCH0007,True,True,True,True,True,Jagvi Borde,Good condition,False
INSP00480,2025-04-08,SCH0216,False,False,True,False,False,Damini Jha,Good condition,False
INSP00184,2025-06-13,SCH0332,False,True,True,True,False,Ekbal Ranganathan,Toilets locked,False
INSP00696,2025-06-27,SCH0441,False,True,True,True,True,Krishna Kale,Average,False
INSP01158,2025-11-04,SCH0489,True,True,True,UNKNOWN,False,Neel Dutta,Toilets locked,False
INSP00671,2025-07-25,SCH0350,False,UNKNOWN,True,True,False,Veda Korpal,Needs repair,False
INSP00606,2025-07-13,SCH0261,False,True,True,False,UNKNOWN,Mekhala Verma,,False
INSP02272,2025-07-28,SCH0277,True,True,True,True,False,Janaki Shetty,No remarks,False
INSP01799,2025-04-25,SCH0421,True,True,True,UNKNOWN,True,Warda Kade,No remarks,False
INSP00760,2025-09-21,SCH0181,UNKNOWN,True,True,True,UNKNOWN,Kashvi Chander,Good condition,False
INSP02875,2025-03-06,SCH0239,True,True,True,False,False,Arya Dey,Good condition,False
INSP00686,2025-12-12,SCH0268,True,True,UNKNOWN,True,True,Chanakya Raval,Needs repair,False
INSP00487,2026-03-19,SCH0291,True,True,True,True,True,Aarini Joshi,Average,False
INSP01579,2025-08-07,SCH0142,True,True,True,True,False,Omaja Bhasin,Needs repair,False
INSP00394,2025-10-05,SCH0114,True,True,True,True,True,Dhruv Jain,Needs repair,False
INSP01152,2025-05-27,SCH0430,True,True,UNKNOWN,False,True,Laban Doshi,,False
INSP02029,2026-02-28,SCH0463,True,True,True,True,False,,Needs repair,True
INSP02862,2025-09-30,SCH0350,True,True,True,UNKNOWN,True,Reyansh Uppal,Good condition,False
INSP00163,2025-10-09,SCH0005,False,True,True,False,False,Anvi Sani,Average,False
INSP01223,2025-06-15,SCH0325,True,True,True,True,False,Girik Tella,Good condition,False
INSP01916,2025-03-10,SCH0302,False,True,False,True,False,Balveer Bhatt,Toilets locked,False
INSP01049,2025-09-05,SCH0416,True,True,True,True,True,Leela Gera,Average,False
INSP00431,2025-08-30,SCH0582,True,True,False,True,True,Chakradev Contractor,No remarks,False
INSP01104,2025-10-12,SCH0386,True,True,False,False,False,Utkarsh Sarin,Good condition,False
INSP00439,2025-05-09,SCH0279,True,True,True,True,True,Rachana Aggarwal,No remarks,False
INSP01884,2025-09-05,SCH0133,False,True,True,True,False,Aarini Sandal,No remarks,False
INSP01226,2026-01-30,SCH0070,UNKNOWN,True,True,True,False,Neha Yadav,Average,False
INSP02032,2025-10-13,SCH0497,True,True,True,True,False,Yoshita Konda,,False
INSP01037,2025-11-13,SCH0322,True,True,True,True,True,Krish Divan,Average,False
INSP01076,2025-10-02,SCH0024,False,True,True,True,True,,No remarks,True
INSP01749,2026-05-02,SCH0301,True,UNKNOWN,False,True,UNKNOWN,,Toilets locked,True
INSP00031,2025-06-06,SCH0159,True,True,False,False,True,Noah Misra,Average,False
INSP02021,2025-05-06,SCH0019,True,True,False,True,False,Faras Behl,Needs repair,False
INSP02103,2025-08-18,SCH0526,True,True,True,True,False,,,True
INSP00963,2025-10-18,SCH0375,True,True,UNKNOWN,False,False,Tanvi Seth,,False
INSP02285,2026-01-27,SCH0593,True,True,True,False,True,Saumya Suri,,False
INSP00174,2025-12-15,SCH0093,True,True,True,True,False,Vedika Chacko,Toilets locked,False
INSP02213,2025-12-15,SCH0411,False,False,True,False,False,Gaurika Bail,Good condition,False
INSP00297,2026-01-26,SCH0018,True,True,True,False,True,Ayush Anne,No remarks,False
INSP00326,2026-02-10,SCH0180,True,True,False,True,True,Daksha Gole,No remarks,False
INSP01290,2025-11-10,SCH0102,True,True,True,True,False,Nikita Baria,No remarks,False
INSP00280,2025-06-29,SCH0138,False,True,True,False,False,Triya Chaudhuri,No remarks,False
INSP02655,2026-02-20,SCH0117,True,True,False,False,False,Aarav Mannan,,False
INSP02414,2025-08-08,SCH0417,True,True,True,False,True,Mason Kara,Average,False
INSP01984,2025-09-14,SCH0383,False,True,True,False,False,Aditya Kar,Needs repair,False
INSP00813,2025-10-28,SCH0506,True,True,True,True,False,Gautam Divan,Average,False
INSP01217,2025-04-25,SCH0455,False,True,True,False,True,Upasna Rao,No remarks,False
INSP02617,2025-05-15,SCH0155,True,False,True,False,False,Kabir Borde,Good condition,False
INSP00701,2025-11-09,SCH0078,False,True,True,True,True,Benjamin Jani,No remarks,False
INSP00558,2025-08-21,SCH0236,False,False,True,False,True,Baljiwan Yohannan,No remarks,False
INSP01899,2025-09-21,SCH0184,True,True,True,True,False,Mitali Singh,No remarks,False
INSP02518,2025-09-30,SCH0344,True,True,True,False,True,Zayyan Varughese,Needs repair,False
INSP01512,2025-11-30,SCH0487,True,True,True,True,UNKNOWN,Yashawini Seth,Good condition,False
INSP00074,2025-07-18,SCH0365,True,UNKNOWN,True,True,True,Raagini Krish,Average,False
INSP02255,2025-10-18,SCH0270,True,True,True,True,False,Lavanya Subramanian,Toilets locked,False
INSP00049,2025-05-07,SCH0083,True,True,True,True,True,Brijesh Mallick,Good condition,False
INSP00603,2026-03-20,SCH0058,True,False,True,False,True,Zinal Kant,No remarks,False
INSP00681,2026-01-28,SCH0239,True,True,False,True,False,Vinaya Dayal,No remarks,False
INSP01452,2025-11-24,SCH0218,True,True,True,False,True,Gopal Sridhar,No remarks,False
INSP01903,2025-09-24,SCH0056,True,True,True,False,True,Aarini Kapadia,Average,False
INSP02406,2026-01-16,SCH0269,UNKNOWN,True,False,True,False,Fariq Garg,,False
INSP01445,2025-11-06,SCH0177,True,True,True,False,True,Shravya Srinivas,No remarks,False
INSP02878,2025-12-23,SCH0317,True,True,False,True,False,Darpan Bala,Toilets locked,False
INSP01578,2025-09-20,SCH0524,False,True,True,False,True,Zaid Brar,Good condition,False
INSP00403,2025-04-20,SCH0590,True,UNKNOWN,True,True,True,Orinder Sarna,Needs repair,False
INSP01746,2026-02-06,SCH0303,True,False,True,False,False,Tarak Rattan,Needs repair,False
INSP02755,2025-04-09,SCH0029,True,True,True,True,True,,Needs repair,True
INSP01555,2026-02-15,SCH0078,False,True,True,False,False,Avi Om,Good condition,False
INSP02738,2025-12-09,SCH0201,True,UNKNOWN,True,False,False,Chavvi Datta,Good condition,False
INSP01212,2025-10-04,SCH0380,True,True,False,True,False,Ayushman Saxena,Toilets locked,False
INSP02561,2025-07-22,SCH0571,False,True,True,True,False,Mekhala Goyal,Average,False
INSP02270,2026-01-19,SCH0268,True,UNKNOWN,False,False,True,Indali Peri,Good condition,False
INSP02237,2025-12-30,SCH0357,True,True,False,True,True,Warda Nair,Average,False
INSP01513,2026-01-12,SCH0467,True,True,False,True,False,Hemang Krishnamurthy,Average,False
INSP02356,2025-12-07,SCH0030,True,True,True,True,True,Ishani Doctor,Needs repair,False
INSP01875,2025-12-02,SCH0556,True,True,UNKNOWN,True,False,Urvi Loyal,No remarks,False
INSP01012,2025-11-04,SCH0185,True,True,True,True,True,Neha Doctor,Average,False
INSP01072,2026-04-03,SCH0258,True,True,False,True,False,Daksh Sarma,,False
INSP00680,2025-12-18,SCH0443,False,True,False,False,False,Ethan Kurian,Good condition,False
INSP01712,2025-06-30,SCH0563,False,UNKNOWN,True,True,False,Lucky Wadhwa,Average,False
INSP00325,2025-07-03,SCH0447,True,False,True,False,True,Krishna Saxena,Toilets locked,False
INSP00820,2026-01-16,SCH0307,True,True,True,False,False,Rachita Wable,Average,False
INSP01489,2025-11-01,SCH0055,True,False,True,True,False,Samarth Hayre,,False
INSP01812,2026-01-29,SCH0434,True,True,True,False,True,Arya Dara,Good condition,False
INSP00811,2025-10-29,SCH0585,False,False,False,True,True,Chasmum Vyas,,False
INSP01973,2025-11-28,SCH0396,True,False,True,True,True,Sathvik Acharya,,False
INSP02840,2025-04-18,SCH0232,True,True,True,False,True,,Needs repair,True
INSP02212,2026-03-29,SCH0046,True,True,True,True,UNKNOWN,Ekantika Manne,No remarks,False
INSP01129,2025-11-16,SCH0032,True,False,True,False,True,Harish Vohra,Needs repair,False
INSP00502,2025-07-06,SCH0297,True,True,True,False,True,,,True
INSP02642,2025-08-13,SCH0003,True,UNKNOWN,True,False,False,Bhavini Wagle,Toilets locked,False
INSP02125,2025-11-08,SCH0076,True,True,True,True,True,Guneet Wali,No remarks,False
INSP02828,2025-07-05,SCH0126,False,False,True,False,False,Elijah Sen,Average,False
INSP00240,2025-11-07,SCH0029,True,False,True,True,True,Vanya Sem,No remarks,False
INSP00762,2025-05-16,SCH0543,False,True,True,False,False,,Good condition,True
INSP01717,2025-12-15,SCH0390,False,True,True,UNKNOWN,True,Chandran Kapadia,Good condition,False
INSP01229,2025-08-03,SCH0125,True,True,UNKNOWN,False,True,Prisha Bhat,Average,False
INSP01473,2025-10-16,SCH0221,True,True,True,True,True,Arunima Thakkar,Average,False
INSP00953,2025-10-27,SCH0133,True,True,True,False,True,Oeshi Bhatia,No remarks,False
INSP01262,2025-07-22,SCH0195,True,True,False,True,True,Joshua Sastry,Toilets locked,False
INSP02307,2026-03-22,SCH0141,True,False,True,False,True,Maya Behl,Average,False
INSP01654,2025-04-11,SCH0554,UNKNOWN,True,False,True,False,Praneel Jani,Average,False
INSP01045,2026-02-15,SCH0366,False,True,False,True,True,Ekta Goel,Average,False
INSP01478,2026-01-16,SCH0502,False,True,True,UNKNOWN,UNKNOWN,Abha Memon,No remarks,False
INSP00512,2026-03-02,SCH0467,UNKNOWN,False,False,True,True,Udyati Koshy,,False
INSP01361,2026-03-26,SCH0572,True,True,False,True,False,Bhavani Prabhakar,Needs repair,False
INSP02141,2025-10-15,SCH0513,False,True,True,True,True,Ekaja Bal,No remarks,False
INSP00841,2026-08-03,SCH0044,True,True,True,True,False,,,True
INSP02176,2026-02-22,SCH0155,True,True,True,True,False,Netra Sule,No remarks,False
INSP01831,2025-10-12,SCH0181,UNKNOWN,True,True,True,False,Vrinda Comar,Good condition,False
INSP02769,2025-11-21,SCH0018,True,False,True,False,False,Qarin Dhingra,,False
INSP00638,2025-09-23,SCH0120,True,True,True,True,True,Tanvi Gaba,Good condition,False
INSP01950,2025-09-29,SCH0080,True,False,False,False,True,Zinal Buch,,False
INSP02954,2025-04-07,SCH0065,True,True,True,True,True,Nisha Manda,Needs repair,False
INSP01722,2026-02-07,SCH0268,True,True,True,True,True,Ridhi Ahuja,Good condition,False
INSP00600,2025-05-26,SCH0008,False,True,True,True,True,Zayyan Om,No remarks,False
INSP01475,2025-12-21,SCH0235,True,True,UNKNOWN,True,True,Anita Acharya,Good condition,False
INSP02135,2026-03-17,SCH0131,True,False,True,True,True,Sneha Shanker,No remarks,False
INSP02602,2025-11-11,SCH0514,True,False,True,False,UNKNOWN,,,True
INSP00109,2025-01-09,SCH0002,True,True,True,True,False,Sai Sarma,Good condition,False
INSP02401,2025-02-07,SCH0117,True,False,True,False,UNKNOWN,,,True
INSP01583,2025-12-01,SCH0590,True,False,True,False,False,Guneet Pai,Average,False
INSP00319,2026-01-22,SCH0477,UNKNOWN,True,True,True,False,Ladli Buch,Good condition,False
INSP02983,2026-03-20,SCH0229,True,True,True,False,False,,Good condition,True
INSP02725,2026-03-23,SCH0281,True,True,True,True,True,,Needs repair,True
INSP01095,2025-04-17,SCH0469,True,True,True,True,True,Ronith Kakar,Needs repair,False
INSP00569,2025-06-15,SCH0449,False,True,False,False,False,Vasana Dugar,,False
INSP02687,2025-12-26,SCH0202,True,True,True,False,True,Widisha Bhatti,Needs repair,False
INSP02298,2025-11-27,SCH0085,True,True,True,True,UNKNOWN,Madhavi Talwar,Needs repair,False
INSP02872,2025-10-01,SCH0148,True,True,True,True,True,Fiyaz Puri,No remarks,False
INSP01546,2025-06-29,SCH0052,False,True,True,False,False,Hemang Dar,Needs repair,False
INSP02974,2026-02-19,SCH0569,True,True,True,True,False,Gunbir Khare,Good condition,False
INSP01925,2026-02-06,SCH0393,True,True,False,True,False,Gaurang Pandey,Toilets locked,False
INSP02692,2025-04-06,SCH0189,UNKNOWN,True,True,False,True,Watika Toor,Average,False
INSP02805,2025-05-10,SCH0337,True,True,True,False,False,,Good condition,True
INSP01469,2025-09-21,SCH0230,True,True,True,True,True,Janya Baral,Average,False
INSP00057,2025-06-30,SCH0456,True,UNKNOWN,False,True,False,Wriddhish Merchant,,False
INSP01789,2026-01-21,SCH0547,True,True,True,True,True,Quincy Thaker,No remarks,False
INSP02275,2026-03-27,SCH0474,True,True,True,True,False,Zayan Vig,Toilets locked,False
INSP02131,2025-05-26,SCH0354,True,True,True,False,False,Charles Prashad,,False
INSP02197,2025-08-02,SCH0131,UNKNOWN,True,True,True,False,Dhriti Kanda,Needs repair,False
INSP00469,2025-05-19,SCH0416,True,True,False,False,True,Isha Solanki,Average,False
INSP01886,2026-02-17,SCH0564,True,True,True,False,True,Vinaya Nagar,No remarks,False
INSP00941,2025-10-24,SCH0310,True,True,True,False,False,Girik Butala,,False
INSP00536,2025-06-24,SCH0141,True,True,True,False,True,Omisha Sankaran,Toilets locked,False
INSP01428,2026-01-21,SCH0140,True,True,True,True,True,Kavya Lall,Average,False
INSP00555,2025-08-16,SCH0197,True,True,False,False,False,Yashodhara Mammen,Needs repair,False
INSP02621,2025-04-26,SCH0101,True,True,True,False,False,Ekantika Oommen,Average,False
INSP02211,2025-06-02,SCH0566,True,True,True,False,False,Rajeshri Mohan,Toilets locked,False
INSP02536,2026-02-14,SCH0466,True,True,False,UNKNOWN,False,Forum Sachdev,,False
INSP00692,2025-10-04,SCH0355,True,True,True,True,UNKNOWN,Isaiah Bali,No remarks,False
INSP00070,2026-02-15,SCH0496,False,True,True,False,True,Vasana Mahajan,Good condition,False
INSP02764,2026-02-26,SCH0433,UNKNOWN,False,True,False,True,Omya Karan,Average,False
INSP01740,2025-07-20,SCH0394,UNKNOWN,True,True,False,False,Hema Khosla,,False
INSP00437,2026-03-18,SCH0438,True,UNKNOWN,True,True,True,Jagat Sawhney,Good condition,False
INSP02122,2025-08-12,SCH0553,False,False,True,True,False,Liam Tata,Needs repair,False
INSP01004,2026-03-29,SCH0145,True,True,True,True,True,Chatura Ben,Toilets locked,False
INSP01254,2025-07-19,SCH0379,True,True,True,UNKNOWN,True,Anmol Puri,Needs repair,False
INSP00566,2025-04-04,SCH0304,False,True,False,False,True,Isaiah Nayar,Needs repair,False
INSP00314,2025-07-27,SCH0189,True,True,False,True,True,,Good condition,True
INSP00234,2025-11-24,SCH0340,True,True,True,True,False,,No remarks,True
INSP02381,2025-12-07,SCH0273,True,True,True,UNKNOWN,False,Samesh Bala,Good condition,False
INSP00735,2025-08-06,SCH0481,True,True,True,True,False,Aryan Seth,,False
INSP01378,2025-04-10,SCH0030,True,True,True,False,False,Mahika Sarkar,Needs repair,False
INSP00112,2025-06-30,SCH0399,True,True,False,True,False,Anusha Kalita,Needs repair,False
INSP01345,2025-11-05,SCH0236,True,True,True,True,False,Ishita Deep,,False
INSP01506,2025-04-16,SCH0055,True,False,True,True,False,Advika Ahuja,No remarks,False
INSP01053,2025-04-04,SCH0468,True,True,True,True,False,Chameli Gour,,False
INSP02321,2025-07-11,SCH0528,True,True,False,UNKNOWN,True,Balendra Saxena,Good condition,False
INSP02043,2025-12-21,SCH0141,False,True,True,False,False,Alexander Sami,Toilets locked,False
INSP00473,2025-08-14,SCH0183,True,True,True,False,False,Henry Hayre,Needs repair,False
INSP01377,2025-11-12,SCH0389,False,True,True,True,False,Dalbir Keer,,False
INSP01614,2025-06-10,SCH0483,True,True,True,False,False,Ekta Kari,Good condition,False
INSP01178,2025-07-13,SCH0211,True,True,True,True,False,Aishani Behl,,False
INSP01753,2025-06-25,SCH0344,True,UNKNOWN,True,True,True,Dalbir Patel,Needs repair,False
INSP01374,2026-02-20,SCH0430,True,True,False,True,False,Qushi Bhandari,,False
INSP02210,2025-05-23,SCH0214,True,True,True,False,True,Oeshi Kuruvilla,Toilets locked,False
INSP01341,2025-09-21,SCH0238,True,False,True,False,False,Qabil Dubey,Needs repair,False
INSP00747,2025-11-27,SCH0027,True,True,True,True,True,Darsh Raja,No remarks,False
INSP02003,2025-10-18,SCH0009,True,True,True,False,UNKNOWN,Aradhana Parmar,Toilets locked,False
INSP01300,2025-12-28,SCH0084,False,True,True,False,True,Upma Chander,Needs repair,False
INSP00362,2026-01-04,SCH0386,True,False,True,True,False,,No remarks,True
INSP00136,2025-11-24,SCH0281,True,True,True,True,False,Banjeet Rajagopalan,Needs repair,False
INSP01591,2025-11-08,SCH0032,True,True,True,True,True,Manan Tripathi,No remarks,False
INSP02286,2025-05-28,SCH0150,True,True,False,True,True,,Average,True
INSP00860,2026-10-01,SCH0343,False,True,False,True,False,Aadi Johal,Good condition,False
INSP02380,2026-01-06,SCH0332,True,True,True,True,False,Girik Narain,No remarks,False
INSP00367,2025-09-07,SCH0321,False,False,True,False,False,Udyati Garde,,False
INSP01867,2025-07-15,SCH0459,True,False,True,True,True,Osha Chaudhary,Needs repair,False
INSP00030,2026-01-08,SCH0484,True,True,True,True,UNKNOWN,Panini Choudhary,Needs repair,False
INSP02632,2026-02-18,SCH0051,True,False,True,False,False,Upma Bir,Toilets locked,False
INSP00023,2025-07-26,SCH0082,True,True,True,True,True,,Needs repair,True
INSP02507,2025-04-19,SCH0501,True,True,True,False,True,Abeer Pingle,Average,False
INSP01134,2025-01-07,SCH0284,True,True,True,False,True,,No remarks,True
INSP01035,2026-02-27,SCH0442,True,True,True,False,True,Nirja Cherian,Average,False
INSP00421,2025-07-07,SCH0273,UNKNOWN,True,True,True,False,Om Shah,Good condition,False
INSP01538,2026-11-03,SCH0496,True,True,False,False,False,Lucky Prabhu,Good condition,False
INSP00461,2025-12-10,SCH0399,False,True,False,False,True,Bhanumati Balasubramanian,No remarks,False
INSP00044,2025-09-28,SCH0456,True,True,True,False,False,Girindra Chana,Needs repair,False
INSP00088,2025-11-23,SCH0282,False,False,True,UNKNOWN,True,Yuvraj Bhargava,Good condition,False
INSP00930,2025-12-10,SCH0012,True,True,False,True,True,Watika Subramaniam,No remarks,False
INSP01125,2026-01-18,SCH0530,True,True,True,True,True,Gauri Chaudry,,False
INSP01772,2025-11-04,SCH0231,True,False,True,True,True,Indira Wali,Toilets locked,False
INSP01018,2026-01-07,SCH0531,True,True,True,True,True,Udant Kumer,Needs repair,False
INSP00283,2026-02-28,SCH0486,True,True,False,False,UNKNOWN,Abhiram Singh,,False
INSP00694,2025-05-14,SCH0341,True,True,True,True,False,Maya Saraf,Average,False
INSP01942,2026-02-12,SCH0137,True,True,True,True,False,Reyansh Kata,Average,False
INSP02910,2025-09-06,SCH0070,True,True,False,True,True,Krisha Tailor,Toilets locked,False
INSP02990,2026-03-08,SCH0521,True,True,False,True,False,Upma Soman,Needs repair,False
INSP02112,2025-09-28,SCH0265,False,True,True,True,True,Jhalak Vig,Toilets locked,False
INSP00534,2025-12-24,SCH0219,True,True,True,True,False,Aadi Mukhopadhyay,Toilets locked,False
INSP01179,2025-06-19,SCH0336,True,True,True,UNKNOWN,UNKNOWN,Ekantika Char,,False
INSP02581,2026-11-01,SCH0014,True,True,True,False,True,David Dyal,,False
INSP00790,2025-05-02,SCH0457,UNKNOWN,True,True,True,False,,Average,True
INSP02482,2025-07-03,SCH0513,True,True,True,True,True,Leena Mohan,Toilets locked,False
INSP02516,2025-10-24,SCH0293,True,True,True,False,UNKNOWN,Samaksh Thakkar,,False
INSP02228,2025-07-28,SCH0210,True,True,True,True,False,Dominic Salvi,Average,False
INSP00875,2025-06-18,SCH0146,True,True,True,True,False,Diya Suresh,,False
INSP00766,2026-02-20,SCH0268,True,True,True,True,True,Ayush Bakshi,Needs repair,False
INSP01042,2026-02-21,SCH0330,True,True,True,False,True,Gautami Ganguly,Good condition,False
INSP00791,2025-07-28,SCH0466,False,True,True,False,UNKNOWN,Ishanvi Khatri,No remarks,False
INSP02816,2025-09-27,SCH0503,True,True,True,True,True,Warda Chander,No remarks,False
INSP01566,2025-06-14,SCH0298,True,True,True,True,False,Sathvik Mallick,Good condition,False
INSP02311,2026-02-27,SCH0090,True,True,True,True,UNKNOWN,Abhimanyu Srinivasan,,False
INSP02190,2025-11-17,SCH0600,True,True,True,False,False,Sanya Gokhale,Average,False
INSP02305,2025-07-07,SCH0151,True,True,False,False,False,Nitara Devi,Good condition,False
INSP02989,2025-04-20,SCH0380,False,True,True,True,False,Advika Mitra,,False
INSP00222,2025-10-13,SCH0015,True,True,True,UNKNOWN,True,Warjas Goda,,False
INSP00544,2025-08-06,SCH0233,True,True,True,True,False,Amara Tiwari,,False
INSP01424,2025-01-08,SCH0354,False,False,True,True,False,Nikita Sampath,,False
INSP02259,2025-06-29,SCH0136,True,True,True,True,False,Vedant Prashad,Needs repair,False
INSP00706,2025-02-10,SCH0307,True,True,True,False,UNKNOWN,Vincent Singh,Average,False
INSP02466,2025-09-10,SCH0421,True,True,True,False,False,Arya Pal,Needs repair,False
INSP01007,2025-08-20,SCH0410,True,True,True,UNKNOWN,False,Darsh Lala,,False
INSP01794,2025-12-08,SCH0208,True,True,True,False,True,Ekani Rajagopal,Average,False
INSP02782,2025-10-05,SCH0592,True,False,True,True,True,Anmol Palla,Needs repair,False
INSP02930,2026-02-27,SCH0288,True,UNKNOWN,True,False,True,Peter Lala,Needs repair,False
INSP00979,2025-08-04,SCH0488,True,True,True,False,False,Shaurya Krishnan,Needs repair,False
INSP01905,2025-09-22,SCH0562,True,True,True,False,False,Ganga Bahri,Needs repair,False
INSP00273,2025-09-08,SCH0413,True,False,True,False,True,Eiravati Gara,,False
INSP00522,2025-12-24,SCH0509,True,True,True,False,True,Jason Swamy,Needs repair,False
INSP00523,2025-10-15,SCH0419,True,True,False,True,False,Gagan Acharya,Good condition,False
INSP01069,2025-08-30,SCH0439,True,True,True,True,True,Qadim Barad,Needs repair,False
INSP02068,2025-07-01,SCH0378,True,True,True,False,True,Tanay Vala,,False
INSP00351,2025-08-19,SCH0141,False,True,True,True,UNKNOWN,Rachit Das,,False
INSP02248,2025-12-18,SCH0306,True,True,False,False,False,Yatan Sandal,Good condition,False
INSP01850,2025-07-24,SCH0161,True,False,True,False,False,Nisha Datta,Needs repair,False
INSP02439,2025-10-31,SCH0212,True,True,True,False,True,Chakradhar Kohli,Good condition,False
INSP00652,2025-05-08,SCH0276,True,True,True,True,True,,,True
INSP01808,2025-09-19,SCH0007,True,True,True,False,True,Mugdha Jayaraman,Toilets locked,False
INSP02726,2026-02-03,SCH0314,False,True,False,True,True,Warhi Shetty,Needs repair,False
INSP02528,2025-10-27,SCH0096,False,True,True,True,True,Urvi Chaudhry,,False
INSP01346,2025-08-29,SCH0341,True,True,False,True,False,Samar Keer,Toilets locked,False
INSP01079,2025-05-11,SCH0420,False,True,True,True,False,Rishi Mani,No remarks,False
INSP02745,2026-01-21,SCH0436,True,True,True,False,False,Janya Jayaraman,Toilets locked,False
INSP00169,2025-11-04,SCH0373,True,True,True,True,False,Samuel Barad,Good condition,False
INSP02636,2026-02-01,SCH0209,True,True,True,True,True,Fariq Samra,No remarks,False
INSP02604,2025-04-14,SCH0411,True,True,True,True,True,Anay Karan,,False
INSP02924,2025-07-18,SCH0042,False,True,True,True,False,Manthan Bali,Good condition,False
INSP02070,2025-07-27,SCH0344,True,True,True,False,True,Reyansh Narayanan,Average,False
INSP02324,2025-08-13,SCH0493,True,False,False,False,True,Ati Wagle,Average,False
INSP01934,2025-05-25,SCH0404,False,True,False,True,True,Wahab Chaudhry,Average,False
INSP01638,2026-01-21,SCH0392,False,False,True,True,False,Keya Jain,Good condition,False
INSP01838,2025-08-30,SCH0579,True,True,True,False,True,Peter Varkey,Average,False
INSP01376,2025-07-23,SCH0513,True,True,True,True,True,Tejas Patla,Good condition,False
INSP02354,2025-09-25,SCH0484,False,True,True,False,False,Charles Patla,No remarks,False
INSP00220,2025-06-23,SCH0228,True,True,UNKNOWN,True,False,Ayush Chada,No remarks,False
INSP00368,2025-06-04,SCH0445,True,True,True,True,False,,Toilets locked,True
INSP02804,2025-08-04,SCH0220,UNKNOWN,True,True,True,True,Pushti Wagle,,False
INSP00950,2025-12-28,SCH0446,True,True,True,True,False,Varenya Ramaswamy,,False
INSP02399,2026-01-27,SCH0077,True,UNKNOWN,True,False,False,Anamika Parekh,No remarks,False
INSP02253,2026-02-13,SCH0533,False,True,True,True,False,,Needs repair,True
INSP01457,2025-10-17,SCH0334,False,True,False,True,False,Yauvani Gade,,False
INSP00352,2025-04-27,SCH0196,True,True,True,True,False,Charita Kant,Needs repair,False
INSP01098,2026-01-29,SCH0340,False,True,UNKNOWN,UNKNOWN,False,Theodore Chaudhari,,False
INSP01264,2025-06-25,SCH0083,True,True,True,False,False,,,True
INSP02239,2025-06-19,SCH0190,False,True,True,True,True,Yatan Iyengar,Needs repair,False
INSP00491,2025-06-29,SCH0218,UNKNOWN,True,True,False,True,Zashil Narang,,False
INSP02827,2025-10-16,SCH0196,True,True,False,True,False,Mekhala Wadhwa,Good condition,False
INSP02494,2026-03-09,SCH0516,True,True,True,False,True,Nathaniel Das,Toilets locked,False
INSP00499,2025-04-24,SCH0447,False,True,True,True,False,Qabil Varty,No remarks,False
INSP02789,2025-01-09,SCH0100,True,True,True,True,False,Alka Prabhu,,False
INSP00211,2026-09-02,SCH0164,True,True,False,False,False,Ekapad Kulkarni,Needs repair,False
INSP00898,2025-03-07,SCH0006,False,False,False,True,True,Warda Basak,Needs repair,False
INSP01205,2026-02-12,SCH0352,True,True,True,True,False,Wakeeta Dar,No remarks,False
INSP00651,2025-12-31,SCH0206,True,True,False,True,False,Henry Om,Needs repair,False
INSP00228,2026-03-23,SCH0168,True,True,True,True,True,,,True
INSP00366,2026-02-20,SCH0238,True,True,True,True,False,Ira Bhagat,,False
INSP02223,2025-06-10,SCH0369,False,True,False,True,False,,,True
INSP00277,2026-02-17,SCH0318,True,True,True,True,True,Robert Tandon,Good condition,False
INSP02099,2025-05-14,SCH0073,True,True,True,True,False,Janaki Kulkarni,Average,False
INSP01114,2025-11-19,SCH0431,True,False,True,False,True,Mitesh Bains,Toilets locked,False
INSP00737,2026-01-12,SCH0465,True,True,True,True,True,Siddharth Kakar,No remarks,False
INSP02575,2026-07-01,SCH0335,True,True,True,False,False,Laksh Nayak,Average,False
INSP01994,2025-12-08,SCH0017,False,True,True,False,False,,No remarks,True
INSP00408,2025-06-09,SCH0411,False,True,True,False,True,Eesha Khalsa,Needs repair,False
INSP02417,2025-03-04,SCH0482,True,False,True,True,True,Devansh Sathe,Needs repair,False
INSP02506,2025-05-01,SCH0521,True,True,True,True,False,Xalak Dixit,Average,False
INSP02458,2026-01-17,SCH0411,True,True,False,UNKNOWN,False,Alexander Varughese,Average,False
INSP02247,2025-06-03,SCH0378,UNKNOWN,True,False,False,False,Jackson Sinha,No remarks,False
INSP02531,2025-07-06,SCH0580,True,True,True,True,False,Azad Sengupta,No remarks,False
INSP01771,2025-08-11,SCH0085,True,False,UNKNOWN,True,False,Azaan Ramanathan,Toilets locked,False
INSP00008,2025-06-04,SCH0059,True,True,True,True,False,Falak Karpe,Good condition,False
INSP01492,2025-12-12,SCH0268,False,False,True,True,UNKNOWN,,,True
INSP01533,2025-05-30,SCH0032,True,True,True,True,False,Charles Sagar,Average,False
INSP01801,2025-09-26,SCH0417,True,True,True,True,False,Barkha Upadhyay,Needs repair,False
INSP00416,2025-07-22,SCH0024,UNKNOWN,True,True,True,False,Jason Kannan,Needs repair,False
INSP01607,2026-01-21,SCH0064,True,UNKNOWN,True,True,True,Jasmit Kurian,Average,False
INSP00840,2025-08-30,SCH0226,True,True,True,UNKNOWN,True,Omisha Dua,Toilets locked,False
INSP01763,2025-02-07,SCH0420,True,True,False,False,True,,Good condition,True
INSP00865,2026-11-01,SCH0583,False,True,False,False,True,Atharv Dara,Average,False
INSP00200,2025-11-26,SCH0193,True,True,True,True,False,Oviya Keer,Average,False
INSP01117,2025-09-23,SCH0413,True,True,True,False,False,Varsha Mohanty,,False
INSP00284,2025-04-24,SCH0493,False,True,False,False,True,Bhavani Tak,,False
INSP00232,2026-10-01,SCH0433,True,True,False,True,False,Jairaj D’Alia,Average,False
INSP02992,2026-03-22,SCH0015,False,True,True,False,False,Megha Keer,No remarks,False
INSP01081,2025-04-10,SCH0226,True,True,True,True,False,Vritti Bhalla,Toilets locked,False
INSP00097,2025-07-11,SCH0429,True,True,True,True,True,Abhiram Kapadia,Average,False
INSP01508,2025-07-29,SCH0310,True,True,True,False,True,Vidhi Butala,Good condition,False
INSP02760,2025-10-09,SCH0170,True,True,True,True,True,Anmol Venkataraman,No remarks,False
INSP01813,2025-12-14,SCH0532,True,True,True,False,True,Hemani Lad,,False
INSP02936,2025-08-14,SCH0151,True,True,True,False,False,Ojas Gola,Toilets locked,False
INSP01201,2025-12-06,SCH0297,True,False,True,False,False,Samar Bhatt,,False
INSP02587,2025-04-24,SCH0338,True,True,False,True,True,David Shanker,No remarks,False
INSP02720,2026-03-12,SCH0294,True,True,True,True,True,Janani Keer,Average,False
INSP02556,2025-11-17,SCH0524,True,True,True,False,True,Jagat Kade,No remarks,False
INSP01890,2025-09-21,SCH0312,True,True,True,False,False,Samaksh Kant,No remarks,False
INSP00105,2025-07-28,SCH0086,UNKNOWN,True,True,True,True,Maya Tella,,False
INSP02350,2025-09-29,SCH0094,True,True,True,True,True,,Needs repair,True
INSP01928,2025-07-19,SCH0096,True,True,True,True,True,Sai Karan,No remarks,False
INSP02715,2025-05-10,SCH0239,False,True,True,True,True,Anvi Gara,Needs repair,False
INSP01124,2026-01-31,SCH0364,UNKNOWN,True,False,True,True,Gavin Mall,,False
INSP02009,2025-11-12,SCH0146,True,True,True,True,True,Vrinda Ratta,,False
INSP00806,2025-12-28,SCH0231,False,True,True,False,False,,Good condition,True
INSP02409,2026-03-15,SCH0182,True,True,True,True,False,Riya Dewan,No remarks,False
INSP02582,2026-03-23,SCH0500,True,True,True,False,UNKNOWN,Maya Mammen,No remarks,False
INSP00745,2025-09-20,SCH0264,True,True,True,True,True,Ijaya Ramesh,No remarks,False
INSP00227,2025-12-07,SCH0420,True,True,True,False,True,Bhavika Gandhi,Needs repair,False
INSP01222,2025-11-10,SCH0556,False,True,False,True,False,,No remarks,True
INSP01293,2025-11-20,SCH0385,True,True,True,True,False,Wyatt Doctor,Toilets locked,False
INSP02421,2025-11-20,SCH0110,False,True,False,True,False,Yash Sagar,Needs repair,False
INSP02092,2026-03-30,SCH0466,True,True,True,False,False,Maanav Gour,Needs repair,False
INSP01030,2026-11-03,SCH0547,True,True,True,False,False,Vedhika Saha,Average,False
INSP00890,2025-09-20,SCH0423,False,True,True,False,True,,No remarks,True
INSP01617,2026-02-28,SCH0432,True,True,True,False,True,Chanchal Bhardwaj,Average,False
INSP01111,2026-04-01,SCH0438,True,True,True,False,False,Avni Kuruvilla,,False
INSP02116,2025-07-14,SCH0215,True,True,True,False,False,Pavani Saini,Needs repair,False
INSP02763,2025-11-05,SCH0330,False,True,True,True,False,Isha Walia,No remarks,False
INSP01043,2025-10-28,SCH0379,True,True,True,True,True,,,True
INSP01777,2025-06-04,SCH0080,True,True,True,True,True,Zaitra Keer,Needs repair,False
INSP00465,2025-09-07,SCH0211,True,False,True,True,False,,Needs repair,True
INSP00882,2025-04-02,SCH0313,True,UNKNOWN,True,True,UNKNOWN,Hardik Guha,No remarks,False
INSP02156,2025-04-28,SCH0302,UNKNOWN,True,True,False,False,Aadhya Baral,Good condition,False
INSP01423,2025-07-04,SCH0416,True,True,True,False,False,Geetika Garde,Average,False
INSP00773,2025-09-09,SCH0413,True,True,True,False,True,Vidhi Karpe,Toilets locked,False
INSP01768,2025-11-26,SCH0544,True,True,True,False,False,Pranit Deep,Needs repair,False
INSP01065,2025-06-27,SCH0074,True,True,False,True,False,Jalsa Gokhale,Good condition,False
INSP00213,2025-05-23,SCH0284,True,True,True,False,False,Vasudha Bal,No remarks,False
INSP00013,2026-01-05,SCH0345,False,True,True,True,False,Advik Edwin,No remarks,False
INSP00423,2025-10-17,SCH0321,False,True,UNKNOWN,False,True,Sathvik Balasubramanian,Average,False
INSP02368,2025-09-05,SCH0384,True,True,True,True,True,Zinal Chaudhary,Toilets locked,False
INSP01054,2025-06-22,SCH0476,True,UNKNOWN,False,True,UNKNOWN,Varenya Ramakrishnan,Needs repair,False
INSP01230,2025-07-10,SCH0456,True,True,False,True,True,Lila Contractor,No remarks,False
INSP01456,2026-11-03,SCH0323,True,True,True,True,False,,Toilets locked,True
INSP00742,2025-06-11,SCH0455,False,UNKNOWN,True,False,True,Oviya Panchal,Needs repair,False
INSP02776,2025-07-09,SCH0139,True,True,True,False,True,Lakshit Sur,,False
INSP02700,2026-03-17,SCH0252,True,True,True,True,False,Rachita Rana,Needs repair,False
INSP02329,2026-03-13,SCH0596,True,False,True,True,False,Baljiwan Mani,,False
INSP00799,2026-01-19,SCH0035,False,True,UNKNOWN,True,False,Megha Sanghvi,Average,False
INSP01432,2025-05-20,SCH0057,True,False,True,True,True,Hamsini Dugar,Toilets locked,False
INSP02427,2025-09-11,SCH0074,False,True,False,True,False,Pooja Kunda,Needs repair,False
INSP00510,2025-05-08,SCH0101,False,True,True,True,True,Radha Sunder,Average,False
INSP00645,2025-10-18,SCH0589,True,True,False,True,False,Amaira Padmanabhan,Average,False
INSP00598,2025-10-06,SCH0276,True,True,True,UNKNOWN,False,Niharika Pillai,Needs repair,False
INSP02714,2025-07-10,SCH0592,False,True,False,False,UNKNOWN,Andrew Batta,Good condition,False
INSP01162,2025-05-28,SCH0527,True,True,True,True,False,Sathvik Lala,Average,False
INSP01362,2025-07-13,SCH0206,False,False,True,False,UNKNOWN,Vritti Som,No remarks,False
INSP00858,2025-07-05,SCH0189,False,True,True,True,True,Imaran Mohan,No remarks,False
INSP02780,2025-12-12,SCH0072,True,True,UNKNOWN,False,False,Charita Mangat,No remarks,False
INSP00519,2025-07-27,SCH0309,True,False,True,False,True,,No remarks,True
INSP00965,2025-02-07,SCH0287,True,True,True,True,True,Kashish Sankaran,Toilets locked,False
INSP02968,2025-10-04,SCH0074,True,False,False,False,True,Kavya Shan,,False
INSP00574,2025-08-17,SCH0434,True,True,False,True,True,Yashasvi More,No remarks,False
INSP02865,2025-04-27,SCH0095,False,True,False,True,True,Isaiah Rastogi,Average,False
INSP02544,2025-05-10,SCH0046,True,True,True,True,True,,,True
INSP02107,2025-12-27,SCH0459,True,True,True,False,True,Fitan Devan,Needs repair,False
INSP02754,2025-10-12,SCH0363,False,True,True,True,False,Vansha Buch,Good condition,False
INSP01308,2025-07-15,SCH0173,True,True,False,True,True,Jack Subramanian,,False
INSP01587,2025-04-18,SCH0254,True,True,True,False,True,Ryan Srinivasan,Needs repair,False
INSP00124,2025-12-18,SCH0515,False,False,True,True,False,Deepa Parmar,Average,False
INSP01498,2025-10-26,SCH0324,True,True,True,False,False,Advik Lata,No remarks,False
INSP00221,2025-07-19,SCH0090,True,True,True,False,True,Finn Ranganathan,Needs repair,False
INSP00359,2025-09-02,SCH0288,False,True,True,False,True,Irya Bhatnagar,No remarks,False
INSP02530,2025-04-13,SCH0084,True,True,True,False,True,Amaira Upadhyay,Needs repair,False
INSP02777,2025-10-22,SCH0270,True,True,False,True,False,Advika Chacko,,False
INSP02113,2025-05-14,SCH0325,True,True,True,True,False,Kiaan Wable,Toilets locked,False
INSP01796,2026-03-26,SCH0041,True,True,True,False,False,Hitesh Atwal,Good condition,False
INSP01698,2025-12-29,SCH0552,True,True,False,True,False,Chakradev Sengupta,Average,False
INSP00260,2025-12-14,SCH0057,True,True,False,UNKNOWN,True,Zayyan Solanki,No remarks,False
INSP02913,2025-10-21,SCH0015,True,False,True,True,False,Atharv Varty,Good condition,False
INSP02415,2025-10-23,SCH0259,True,True,True,False,False,Akshay Bahri,No remarks,False
INSP01351,2025-11-01,SCH0462,True,True,True,True,True,Ekantika Nazareth,Average,False
INSP02517,2025-05-23,SCH0266,False,False,True,False,False,Pranit Tata,,False
INSP01107,2025-04-12,SCH0179,True,False,True,False,True,Devika Kari,Good condition,False
INSP02532,2025-09-26,SCH0116,True,True,False,True,True,William Biswas,Needs repair,False
INSP01878,2026-03-20,SCH0053,True,True,True,True,True,Onkar Din,Good condition,False
INSP01657,2025-05-15,SCH0163,True,False,True,False,True,Vidhi Mall,No remarks,False
INSP01094,2025-02-11,SCH0489,True,True,True,True,True,Advika Munshi,,False
INSP02856,2026-01-07,SCH0547,True,True,True,False,False,Wishi Narang,,False
INSP02449,2025-11-20,SCH0486,True,UNKNOWN,False,False,False,George Om,,False
INSP00457,2025-12-18,SCH0232,True,True,True,True,True,Zehaan Guha,,False
INSP00463,2025-10-26,SCH0078,True,False,True,False,True,Oeshi Krishna,Average,False
INSP01692,2025-01-07,SCH0156,True,True,True,True,False,Aditya Mukhopadhyay,Needs repair,False
INSP01668,2025-04-10,SCH0339,True,False,True,False,True,,Average,True
INSP01414,2025-05-15,SCH0096,False,True,True,True,True,Nirja Chawla,Toilets locked,False
INSP00382,2026-01-19,SCH0242,True,True,False,False,True,Harsh Chadha,No remarks,False
INSP02939,2025-09-22,SCH0433,True,True,True,False,True,Varsha Tandon,Average,False
INSP01534,2025-10-07,SCH0208,False,False,True,True,True,Libni Deol,,False
INSP02473,2025-11-03,SCH0205,True,UNKNOWN,True,UNKNOWN,True,Upadhriti Rai,,False
INSP02442,2026-02-21,SCH0512,False,False,True,True,True,Krish Sinha,Good condition,False
INSP00966,2025-06-19,SCH0426,False,True,True,True,True,Aishani Kara,No remarks,False
INSP02842,2025-07-18,SCH0113,True,True,False,False,True,Chakrika Kata,Good condition,False
INSP01778,2026-03-12,SCH0556,True,True,True,False,False,Urvashi Batra,Toilets locked,False
INSP00943,2025-05-05,SCH0356,False,True,True,False,False,Anmol Deshmukh,Good condition,False
INSP00060,2025-05-31,SCH0564,True,UNKNOWN,True,True,True,Geetika Kapoor,Average,False
INSP02391,2026-01-07,SCH0301,False,True,True,True,False,Irya Mittal,,False
INSP02859,2026-03-12,SCH0279,False,True,False,True,True,,Average,True
INSP01766,2026-05-01,SCH0360,True,True,False,False,False,Ayush Mann,Needs repair,False
INSP01576,2025-08-11,SCH0099,True,True,True,True,False,Omya Swaminathan,Toilets locked,False
INSP02484,2026-03-19,SCH0510,True,True,True,False,False,Panini Nayar,Good condition,False
INSP02411,2025-12-22,SCH0105,False,False,True,True,True,Andrew Chahal,Toilets locked,False
INSP01028,2026-01-22,SCH0107,False,True,True,False,True,Isha Vohra,Good condition,False
INSP00658,2026-03-21,SCH0117,UNKNOWN,True,True,False,True,Peter Rao,Good condition,False
INSP01314,2025-08-11,SCH0351,False,True,False,True,False,Siya Sahni,Toilets locked,False
INSP00846,2025-06-28,SCH0190,True,UNKNOWN,True,False,True,,Needs repair,True
INSP00543,2026-01-24,SCH0327,True,True,True,UNKNOWN,True,Advaith Rajagopal,Toilets locked,False
INSP00870,2025-08-20,SCH0454,True,True,True,True,False,Rachana Mani,No remarks,False
INSP01710,2025-05-15,SCH0016,True,True,True,False,False,Harrison Bera,Toilets locked,False
INSP01310,2025-08-09,SCH0249,True,True,True,True,False,,Needs repair,True
INSP02227,2025-08-11,SCH0097,True,True,True,UNKNOWN,False,Xiti Walla,Needs repair,False
INSP02579,2025-12-12,SCH0008,True,True,True,True,False,Frederick Mistry,Good condition,False
INSP01447,2026-03-24,SCH0035,True,True,True,True,False,Advay Rege,,False
INSP02644,2025-11-12,SCH0130,True,True,True,True,False,Madhavi Dey,Average,False
INSP01656,2025-12-03,SCH0543,False,True,True,True,True,Maanas Basu,No remarks,False
INSP01504,2025-10-29,SCH0236,True,True,True,False,False,Akshay Iyengar,No remarks,False
INSP01085,2026-02-07,SCH0262,True,True,True,False,UNKNOWN,Yashasvi Amble,Average,False
INSP02379,2026-03-30,SCH0284,True,UNKNOWN,True,True,True,Oscar Basak,No remarks,False
INSP01433,2025-05-30,SCH0590,True,True,False,True,False,Akshay Narayan,Average,False
INSP02546,2025-11-06,SCH0182,True,False,True,True,True,Anjali Magar,Needs repair,False
INSP01892,2025-08-31,SCH0238,True,True,True,True,False,Jairaj Hegde,Good condition,False
INSP01062,2025-05-13,SCH0009,False,True,False,True,True,Lipika Cherian,Average,False
INSP00436,2025-12-23,SCH0581,True,True,True,True,False,Aachal Pai,Good condition,False
INSP02474,2026-10-01,SCH0352,True,True,True,True,True,Abeer Toor,No remarks,False
INSP00238,2025-08-09,SCH0166,False,True,True,True,UNKNOWN,Hiral Goda,Toilets locked,False
INSP01488,2025-08-17,SCH0242,True,True,True,True,True,Irya Prabhu,Toilets locked,False
INSP02728,2025-06-30,SCH0282,False,True,True,True,True,Hiral Morar,,False
INSP00110,2025-04-23,SCH0119,False,True,True,False,False,Eiravati Chaudhuri,Toilets locked,False
INSP02084,2025-09-11,SCH0283,UNKNOWN,False,True,True,False,Naveen Bhandari,Good condition,False
INSP00782,2026-01-10,SCH0162,True,True,True,True,True,Tanveer Dyal,Toilets locked,False
INSP00164,2026-05-02,SCH0163,False,False,True,True,False,Vedhika Bora,Good condition,False
INSP00289,2025-12-27,SCH0457,True,True,True,True,False,Parth Bhatnagar,,False
INSP00253,2025-07-07,SCH0006,UNKNOWN,True,False,True,True,Nicholas Agate,Toilets locked,False
INSP01118,2025-08-07,SCH0382,True,True,False,False,True,Aishani Keer,Needs repair,False
INSP02127,2025-12-15,SCH0350,True,True,True,True,False,Tara Oza,Good condition,False
INSP01739,2025-06-06,SCH0436,UNKNOWN,True,False,True,True,Zilmil Kumar,,False
INSP00768,2026-02-19,SCH0172,False,False,True,False,False,Chatura Pradhan,Good condition,False
INSP00788,2025-06-07,SCH0421,True,True,True,False,True,Jeet Roy,Average,False
INSP01443,2025-09-30,SCH0463,True,True,True,True,True,Jairaj Chaudhary,Good condition,False
INSP00927,2025-03-04,SCH0420,False,True,False,True,True,,Good condition,True
INSP01836,2025-07-19,SCH0134,True,False,True,False,True,Lavanya Seshadri,Average,False
INSP01287,2025-05-29,SCH0119,True,True,UNKNOWN,True,True,Qarin Bhavsar,No remarks,False
INSP01554,2026-01-21,SCH0575,True,True,True,False,UNKNOWN,Urvashi Mann,Average,False
INSP02457,2025-08-02,SCH0475,True,False,True,True,False,Liam Munshi,Good condition,False
INSP02230,2025-05-20,SCH0207,True,True,True,True,False,Nachiket Gara,Good condition,False
INSP02752,2025-11-21,SCH0255,True,True,True,True,True,Urmi Shetty,No remarks,False
INSP02313,2025-08-17,SCH0542,True,True,True,True,True,Gunbir Pingle,Average,False
INSP02563,2026-01-23,SCH0049,True,True,True,False,False,,Average,True
INSP00848,2025-07-02,SCH0009,True,True,False,False,True,Vasatika Khanna,Good condition,False
INSP01438,2026-01-01,SCH0081,True,False,True,True,False,Diya Anand,Toilets locked,False
INSP02541,2025-07-27,SCH0566,UNKNOWN,True,True,False,False,Vamakshi Sura,Good condition,False
INSP00462,2025-04-01,SCH0277,False,True,True,True,False,Tanmayi Vasa,Toilets locked,False
INSP02357,2025-06-29,SCH0059,True,True,UNKNOWN,False,True,Robert Rattan,,False
INSP01603,2025-04-10,SCH0473,True,True,True,True,True,,Toilets locked,True
INSP00158,2025-07-17,SCH0331,True,True,True,True,True,Umang Pai,Toilets locked,False
INSP02523,2025-07-30,SCH0256,True,True,False,False,False,Anita Dhingra,Good condition,False
INSP02087,2025-06-11,SCH0140,True,True,True,True,False,Noah Narayanan,Good condition,False
INSP01805,2025-05-12,SCH0594,True,True,True,True,True,Gavin Chahal,Needs repair,False
INSP00678,2026-02-17,SCH0230,True,True,True,UNKNOWN,False,Praneel Borde,Average,False
INSP01874,2025-10-17,SCH0304,False,True,False,False,False,Luke Pingle,Toilets locked,False
INSP02373,2026-02-22,SCH0532,False,True,True,False,True,,Toilets locked,True
INSP00239,2026-03-04,SCH0449,True,False,True,False,True,,,True
INSP00980,2025-07-20,SCH0600,True,True,True,True,False,Geetika Srinivasan,Needs repair,False
INSP01221,2025-05-27,SCH0542,True,True,False,False,False,Chanchal Narula,Toilets locked,False
INSP00244,2025-09-11,SCH0353,True,True,True,True,True,Samaksh Barad,Toilets locked,False
INSP00101,2025-09-16,SCH0478,True,True,False,True,True,Jalsa Chaudry,Good condition,False
INSP00316,2025-07-14,SCH0212,True,True,True,True,False,,Average,True
INSP01011,2026-03-03,SCH0556,False,True,True,True,True,Umang Sahota,No remarks,False
INSP02584,2026-02-10,SCH0380,False,True,True,True,True,Jacob Jha,Toilets locked,False
INSP02583,2025-10-20,SCH0116,False,True,True,True,True,Nirja Rama,,False
INSP01056,2025-09-03,SCH0467,True,True,True,UNKNOWN,False,Alka Gopal,No remarks,False
INSP00262,2025-06-25,SCH0232,True,True,True,True,True,Utkarsh Oak,No remarks,False
INSP01834,2025-09-11,SCH0295,True,True,True,False,True,,Good condition,True
INSP00196,2025-11-02,SCH0465,False,UNKNOWN,UNKNOWN,True,False,Om Issac,,False
INSP01980,2025-07-06,SCH0115,True,UNKNOWN,True,True,False,,Average,True
INSP02950,2026-02-26,SCH0314,False,True,True,True,True,Mahika Sankaran,Average,False
INSP02384,2025-10-28,SCH0346,False,False,True,False,False,Zehaan Dugar,Toilets locked,False
INSP00180,2025-09-09,SCH0417,False,True,True,False,True,Urishilla Shere,Good condition,False
INSP00835,2026-02-24,SCH0572,False,False,True,False,False,Krishna Sama,No remarks,False
INSP00843,2026-02-10,SCH0229,False,UNKNOWN,True,True,False,Vaishnavi Salvi,No remarks,False
INSP02441,2026-02-07,SCH0485,True,UNKNOWN,True,True,True,Nirja Khurana,No remarks,False
INSP01581,2025-08-01,SCH0205,True,True,True,False,False,Anirudh Purohit,Toilets locked,False
INSP01038,2026-01-23,SCH0465,True,UNKNOWN,True,True,UNKNOWN,Vrishti Balakrishnan,Good condition,False
INSP00341,2025-05-07,SCH0098,True,True,False,True,False,Lohit Bala,Needs repair,False
INSP01180,2025-10-02,SCH0451,UNKNOWN,False,UNKNOWN,False,False,Rachana Chander,Needs repair,False
INSP01988,2025-12-26,SCH0188,True,False,False,True,False,Veda Rao,Average,False
INSP00749,2026-09-03,SCH0065,True,False,False,UNKNOWN,False,Kala Kale,No remarks,False
INSP01193,2025-04-30,SCH0137,True,True,True,False,True,Faraj Sura,Average,False
INSP00663,2025-11-30,SCH0424,True,False,True,True,False,Manan Bhattacharyya,,False
INSP00481,2025-05-29,SCH0019,True,True,UNKNOWN,False,True,Amaira Balakrishnan,No remarks,False
INSP00804,2025-03-12,SCH0524,True,True,True,False,False,Waida Handa,Good condition,False
INSP01455,2025-12-26,SCH0322,True,True,True,True,False,Nihal Dasgupta,,False
INSP01499,2025-08-01,SCH0512,True,False,UNKNOWN,False,True,Urvi Warrior,Good condition,False
INSP02562,2026-03-25,SCH0118,False,True,True,True,True,,Toilets locked,True
INSP00550,2025-10-17,SCH0554,True,True,False,False,False,Unnati Chacko,Toilets locked,False
INSP01741,2025-09-06,SCH0125,True,UNKNOWN,True,True,True,Yochana Dhillon,Needs repair,False
INSP00784,2025-06-06,SCH0334,False,True,False,False,False,Daksh Sachdev,No remarks,False
INSP02848,2025-04-18,SCH0146,True,False,False,False,True,Lajita Mohanty,Average,False
INSP02314,2025-04-22,SCH0159,False,True,True,True,True,Lila Sundaram,Average,False
INSP00743,2025-04-24,SCH0420,True,True,True,False,True,Tanay Borde,Needs repair,False
INSP02578,2025-11-21,SCH0514,True,True,True,True,True,Manan Kapur,Toilets locked,False
INSP02611,2025-05-19,SCH0097,True,True,False,False,True,,Average,True
INSP01764,2026-01-31,SCH0019,True,True,True,UNKNOWN,True,,Good condition,True
INSP02273,2025-05-25,SCH0483,True,UNKNOWN,True,True,False,Wishi Sachdeva,No remarks,False
INSP02085,2025-09-12,SCH0286,UNKNOWN,True,True,True,True,Ekta Gala,Good condition,False
INSP01781,2025-09-19,SCH0492,True,True,True,True,False,Divya Chaudhuri,Needs repair,False
INSP02419,2026-08-01,SCH0221,True,True,True,True,False,Kamala Sampath,No remarks,False
INSP01128,2026-03-18,SCH0022,True,True,True,False,True,Neel Singhal,Toilets locked,False
INSP00248,2026-03-24,SCH0286,True,True,True,True,False,Wyatt Parmar,Toilets locked,False
INSP00872,2025-06-12,SCH0577,True,True,True,True,True,Chavvi Upadhyay,Average,False
INSP01026,2026-03-02,SCH0592,UNKNOWN,True,True,True,False,Veer Biswas,Toilets locked,False
INSP02955,2025-12-21,SCH0306,False,True,True,False,True,Faris Dave,No remarks,False
INSP02860,2025-05-21,SCH0335,True,True,True,True,True,Jeevika Rama,Toilets locked,False
INSP00627,2026-02-14,SCH0256,False,True,True,UNKNOWN,False,,Average,True
INSP00348,2026-01-18,SCH0025,True,True,True,True,False,,,True
INSP00279,2025-04-26,SCH0174,True,True,True,UNKNOWN,True,Hemal Lalla,Good condition,False
INSP01989,2025-08-29,SCH0436,True,True,UNKNOWN,True,True,Damyanti Kashyap,Good condition,False
INSP02404,2026-03-06,SCH0011,True,True,True,True,False,Warjas Deol,No remarks,False
INSP00656,2025-05-03,SCH0143,True,True,False,False,False,Ati Sandhu,,False
INSP01357,2025-11-11,SCH0106,True,True,False,True,UNKNOWN,Lajita Saha,Toilets locked,False
INSP01033,2025-08-16,SCH0150,UNKNOWN,True,True,True,True,Kiaan Raval,No remarks,False
INSP00908,2025-11-25,SCH0572,True,True,True,False,True,Ojasvi Thaman,No remarks,False
INSP02761,2025-04-08,SCH0334,UNKNOWN,True,True,True,False,Champak Upadhyay,Good condition,False
INSP02721,2025-10-11,SCH0164,True,True,True,True,False,Harita Saran,Good condition,False
INSP01136,2025-07-14,SCH0461,True,False,True,False,UNKNOWN,Hitesh Dixit,No remarks,False
INSP00912,2025-07-10,SCH0493,True,False,True,True,False,Yashawini Lalla,Needs repair,False
INSP01908,2025-07-29,SCH0101,True,True,True,False,True,Ekaja Yohannan,Good condition,False
INSP00633,2026-02-24,SCH0376,False,UNKNOWN,True,False,False,Leela Deshmukh,,False
INSP01103,2025-08-09,SCH0389,False,True,True,False,True,Varsha Shankar,,False
INSP00446,2026-10-03,SCH0059,False,True,True,False,False,Tanish Sunder,Toilets locked,False
INSP00618,2026-03-18,SCH0185,True,True,True,True,True,Adweta Divan,Needs repair,False
INSP01363,2025-05-06,SCH0108,True,True,True,UNKNOWN,False,,Needs repair,True
INSP01196,2025-07-27,SCH0553,False,True,False,False,True,Gaurika Narasimhan,Average,False
INSP01191,2025-09-20,SCH0272,True,True,False,True,True,Vihaan Ramaswamy,Toilets locked,False
INSP02292,2025-10-29,SCH0013,True,True,True,True,False,Niharika Gara,Good condition,False
INSP01748,2025-08-30,SCH0488,True,UNKNOWN,True,True,True,Abhimanyu Bansal,Good condition,False
INSP00845,2026-03-16,SCH0131,False,True,True,True,True,,No remarks,True
INSP02685,2025-10-10,SCH0512,UNKNOWN,False,False,False,True,Ekanta Nagar,Toilets locked,False
INSP00548,2026-03-07,SCH0455,True,UNKNOWN,True,True,UNKNOWN,Yauvani Nagar,Average,False
INSP01979,2026-02-28,SCH0041,True,True,True,False,False,,Needs repair,True
INSP02179,2025-08-07,SCH0213,True,True,False,True,False,Wriddhish Grewal,,False
INSP01058,2026-03-06,SCH0262,False,True,True,False,True,Gayathri Baria,No remarks,False
INSP00264,2025-12-15,SCH0139,True,True,True,True,True,Veer Gera,Toilets locked,False
INSP02996,2025-04-05,SCH0492,True,True,True,False,True,Naveen Swamy,No remarks,False
INSP02477,2026-03-18,SCH0280,True,UNKNOWN,True,True,UNKNOWN,,No remarks,True
INSP02024,2025-06-15,SCH0583,True,True,True,False,False,Hamsini Majumdar,Needs repair,False
INSP00354,2025-08-21,SCH0301,True,True,True,False,True,Veer Chana,Average,False
INSP00803,2026-03-22,SCH0180,True,False,UNKNOWN,True,False,Qushi Zachariah,Average,False
INSP00209,2025-04-24,SCH0294,True,True,False,True,False,Naksh Andra,Good condition,False
INSP00614,2026-03-23,SCH0027,True,True,True,False,UNKNOWN,Jasmit Rama,Good condition,False
INSP01048,2025-03-07,SCH0133,True,False,True,True,False,Ethan Sarkar,Toilets locked,False
INSP02158,2026-02-21,SCH0593,True,True,False,False,True,Faras Grewal,Average,False
INSP01676,2025-12-11,SCH0381,True,False,False,True,True,Yashawini Sem,,False
INSP01272,2025-07-17,SCH0020,True,True,True,False,UNKNOWN,Maanas Chaudhry,Good condition,False
INSP01271,2025-12-29,SCH0557,True,True,False,True,False,Onkar Behl,Toilets locked,False
INSP01954,2025-05-01,SCH0029,True,False,True,True,True,Osha Loyal,Toilets locked,False
INSP02693,2025-06-01,SCH0526,False,False,True,True,False,Warinder Vora,Average,False
INSP00058,2026-03-14,SCH0064,True,True,True,True,False,,Needs repair,True
INSP02348,2026-01-09,SCH0424,False,True,UNKNOWN,True,False,Isaac Natarajan,Needs repair,False
INSP00812,2026-03-07,SCH0548,False,True,True,False,False,Varsha Pingle,Good condition,False
INSP01552,2025-07-25,SCH0089,True,False,True,False,True,Amaira Gandhi,No remarks,False
INSP02737,2025-04-03,SCH0348,True,True,True,True,True,Hardik Borde,Average,False
INSP00562,2025-03-05,SCH0072,True,True,True,True,True,Lakshmi Ganesh,No remarks,False
INSP02310,2025-06-05,SCH0452,True,True,True,False,True,Indali Bhatt,No remarks,False
INSP00230,2025-07-12,SCH0124,False,True,True,False,True,Mason Hari,,False
INSP02640,2025-08-20,SCH0169,True,True,True,True,False,Gaurav Bobal,Toilets locked,False
INSP02033,2025-06-09,SCH0099,True,True,True,True,True,Ryan Trivedi,,False
INSP02933,2025-09-24,SCH0177,True,True,UNKNOWN,False,True,Anusha Parekh,Good condition,False
INSP00539,2025-06-15,SCH0302,UNKNOWN,True,True,True,True,Vamakshi Shroff,Needs repair,False
INSP01736,2026-02-17,SCH0259,True,False,False,True,UNKNOWN,Janaki Upadhyay,Average,False
INSP02576,2026-03-17,SCH0249,True,True,True,False,True,Sarthak Warrior,Good condition,False
INSP02229,2026-03-14,SCH0307,True,True,True,False,True,Eiravati Baral,Needs repair,False
INSP02870,2025-12-04,SCH0402,True,True,True,True,False,Anmol Chawla,Average,False
INSP00561,2026-01-16,SCH0113,True,True,True,True,True,Mitali Setty,,False
INSP00708,2026-01-01,SCH0121,True,True,False,True,False,Aayush Krish,No remarks,False
INSP01235,2025-06-12,SCH0486,True,False,False,False,True,Ishanvi Gera,Needs repair,False
INSP00425,2025-05-06,SCH0068,True,False,True,False,True,Aahana Ravi,Average,False
INSP00648,2025-04-10,SCH0425,False,False,True,True,True,Lajita Radhakrishnan,Average,False
INSP01883,2025-08-10,SCH0185,True,True,True,False,True,Shivansh Bir,Good condition,False
INSP01324,2025-07-17,SCH0553,True,True,False,True,True,,Good condition,True
INSP02596,2025-05-14,SCH0031,True,True,True,False,False,Anay Atwal,,False
INSP01160,2025-12-30,SCH0388,UNKNOWN,True,False,True,False,Samuel Sankaran,Good condition,False
INSP01006,2025-11-29,SCH0053,False,True,True,False,False,Irya Bawa,Toilets locked,False
INSP00621,2025-08-06,SCH0451,True,True,True,UNKNOWN,False,Neel Dugal,No remarks,False
INSP00554,2025-08-08,SCH0124,UNKNOWN,True,True,True,False,,Average,True
INSP02802,2026-01-02,SCH0505,True,True,True,True,True,Onkar Chadha,No remarks,False
INSP01558,2026-01-11,SCH0220,True,True,True,True,False,,,True
INSP00999,2025-07-17,SCH0557,False,True,True,True,True,Amol Brahmbhatt,Needs repair,False
INSP01365,2026-01-16,SCH0239,True,True,True,UNKNOWN,True,Dhruv Lad,,False
INSP01755,2026-02-09,SCH0039,True,True,False,True,True,Nachiket Varty,No remarks,False
INSP02886,2025-12-27,SCH0063,False,True,UNKNOWN,False,False,Alexander Hayre,Good condition,False
INSP01645,2025-06-14,SCH0280,True,True,True,False,True,Sanaya Ramakrishnan,Needs repair,False
INSP00441,2026-09-02,SCH0356,True,True,True,True,True,Niharika Bansal,Toilets locked,False
INSP00509,2025-10-05,SCH0322,False,True,True,False,False,Abdul Dugar,Good condition,False
INSP00590,2026-03-12,SCH0487,UNKNOWN,True,True,True,False,Yashica Tiwari,Average,False
INSP01237,2025-12-17,SCH0448,True,True,True,False,False,Aarush Bassi,Good condition,False
INSP00650,2025-12-23,SCH0534,True,False,False,False,False,Vedika Kohli,Needs repair,False
INSP02041,2025-12-07,SCH0236,UNKNOWN,True,True,False,False,Yashawini Ganesan,,False
INSP02683,2025-04-23,SCH0186,True,True,True,True,False,Vihaan Saini,Good condition,False
INSP01317,2025-07-14,SCH0315,True,True,True,True,True,Harita Chatterjee,,False
INSP01335,2026-01-11,SCH0210,True,True,True,True,False,Mitali Lad,Good condition,False
INSP01843,2026-03-15,SCH0032,True,True,False,True,False,Meera Sampath,,False
INSP00631,2026-11-01,SCH0292,False,True,True,True,True,Vasatika Grewal,,False
INSP01403,2025-11-13,SCH0469,UNKNOWN,True,True,True,True,Kabir Cheema,No remarks,False
INSP00483,2025-07-06,SCH0389,True,True,True,False,UNKNOWN,,Average,True
INSP01245,2025-12-29,SCH0463,False,True,False,True,True,Ekanta Bahri,Toilets locked,False
INSP02571,2025-05-11,SCH0079,True,True,UNKNOWN,True,True,Wridesh Soni,Needs repair,False
INSP02231,2025-08-29,SCH0263,True,True,True,False,True,Aayush Ratti,No remarks,False
INSP02096,2025-10-29,SCH0362,True,True,True,False,UNKNOWN,Reva Sidhu,No remarks,False
INSP00857,2025-11-07,SCH0368,False,True,True,True,True,Fitan De,Good condition,False
INSP00531,2026-03-15,SCH0594,UNKNOWN,True,True,True,False,Ranveer Tank,,False
INSP01996,2025-11-04,SCH0188,True,True,True,True,True,Yagnesh Borra,No remarks,False
INSP00050,2025-10-03,SCH0466,True,False,True,True,False,Hamsini Golla,Toilets locked,False
INSP00859,2025-12-17,SCH0578,True,True,True,True,False,Pallavi Wagle,Needs repair,False
INSP01073,2025-09-27,SCH0583,True,True,True,False,True,Wriddhish Bal,Toilets locked,False
INSP00720,2026-03-01,SCH0370,True,False,True,True,False,Anita Sengupta,Toilets locked,False
INSP01826,2026-02-08,SCH0416,True,True,False,False,True,Xalak Raghavan,Average,False
INSP01430,2025-09-07,SCH0255,False,False,True,True,False,Veda Parikh,Needs repair,False
INSP02370,2025-12-11,SCH0058,True,False,True,False,True,Brinda Buch,,False
INSP01449,2025-12-07,SCH0317,True,True,True,UNKNOWN,False,Chandresh Gokhale,,False
INSP01633,2025-11-25,SCH0554,True,True,True,False,True,Tara Mahal,Good condition,False
INSP02244,2026-03-25,SCH0475,True,True,False,True,False,Vinaya Vala,Average,False
INSP02888,2025-04-23,SCH0061,True,True,True,False,True,Advika Raghavan,Needs repair,False
INSP02744,2025-06-20,SCH0105,True,True,True,False,True,Brijesh Naidu,No remarks,False
INSP01544,2025-12-17,SCH0236,True,True,True,UNKNOWN,False,Logan Sarin,,False
INSP02167,2025-04-08,SCH0365,False,True,True,True,True,,No remarks,True
INSP01792,2026-03-29,SCH0032,True,False,True,True,True,Dhriti Boase,Average,False
INSP01393,2025-05-01,SCH0397,True,True,True,True,True,Veer Ramaswamy,,False
INSP02257,2025-08-26,SCH0036,UNKNOWN,True,True,False,True,Dalaja Karnik,Good condition,False
INSP02766,2025-08-05,SCH0287,True,True,True,UNKNOWN,True,Gaurangi Barad,Average,False
INSP01651,2025-07-25,SCH0026,True,True,True,True,True,Dev Kata,,False
INSP00298,2025-12-01,SCH0141,UNKNOWN,True,True,True,True,Jagdish Gulati,Toilets locked,False
INSP01327,2026-05-02,SCH0276,True,True,True,False,True,Parth Krishnamurthy,Needs repair,False
INSP01458,2026-03-22,SCH0067,True,True,True,True,True,Forum Handa,No remarks,False
INSP00959,2025-05-05,SCH0128,True,True,True,True,True,Aadhya Baral,Needs repair,False
INSP01321,2026-01-30,SCH0524,False,True,True,True,True,,Average,True
INSP01609,2026-02-26,SCH0290,False,True,True,True,True,Kala Nath,Toilets locked,False
INSP01214,2025-11-30,SCH0212,True,False,False,False,False,Vedhika Ahluwalia,,False
INSP00350,2025-05-12,SCH0285,True,UNKNOWN,True,True,True,Anamika Choudhury,No remarks,False
INSP02565,2025-12-30,SCH0579,True,True,True,False,False,Nathan Padmanabhan,Average,False
INSP00644,2026-01-31,SCH0260,True,True,True,False,False,Ekaja Wason,Needs repair,False
INSP01897,2025-09-28,SCH0567,True,UNKNOWN,False,False,True,Dhruv Batra,Needs repair,False
INSP01284,2025-11-03,SCH0489,True,True,True,True,False,Avni Modi,Toilets locked,False
INSP00670,2025-10-08,SCH0291,True,False,True,False,True,Warjas Mody,Average,False
INSP02537,2025-04-17,SCH0265,False,True,True,False,True,,Average,True
INSP01643,2025-10-15,SCH0111,True,True,True,True,True,Aarini Chawla,Toilets locked,False
INSP01955,2026-01-15,SCH0561,False,True,False,False,True,Siya Parekh,,False
INSP02591,2026-01-31,SCH0252,True,True,True,True,True,Chaman Mistry,Average,False
INSP02499,2026-03-15,SCH0322,True,True,True,False,UNKNOWN,Chaitaly Bath,,False
INSP01553,2025-12-17,SCH0071,True,True,UNKNOWN,False,True,Indrajit Nori,Good condition,False
INSP01715,2026-03-20,SCH0262,True,True,False,True,False,,Needs repair,True
INSP00787,2025-10-02,SCH0244,True,True,True,True,True,Arya Ramesh,No remarks,False
INSP02833,2025-10-21,SCH0138,True,True,False,True,False,Harita Ratta,Toilets locked,False
INSP00141,2025-05-14,SCH0318,True,True,True,True,False,Hemani Rastogi,Toilets locked,False
INSP00789,2025-11-21,SCH0074,True,True,True,False,False,Qasim Mody,Good condition,False
INSP01726,2025-11-13,SCH0316,True,False,True,True,True,Chakradhar Kapoor,Average,False
INSP02688,2025-07-19,SCH0009,UNKNOWN,True,True,False,False,Baljiwan Gaba,No remarks,False
INSP00715,2025-09-30,SCH0334,UNKNOWN,True,UNKNOWN,True,True,Udyati Soman,Average,False
INSP01466,2025-10-24,SCH0047,True,True,True,False,False,Hitesh Chana,No remarks,False
INSP01718,2025-06-11,SCH0443,True,True,True,True,True,Peter Tella,No remarks,False
INSP01601,2025-07-21,SCH0468,False,False,True,True,False,Harinakshi Suri,,False
INSP01627,2025-11-14,SCH0018,False,True,True,True,True,Qasim Krishnamurthy,Average,False
INSP00619,2025-07-07,SCH0033,False,True,True,True,False,Arin Nagarajan,,False
INSP00407,2025-09-29,SCH0344,True,True,False,True,False,Lekha Radhakrishnan,,False
INSP01519,2025-09-23,SCH0173,True,True,True,False,False,Tanveer Tiwari,,False
INSP02017,2026-09-02,SCH0420,False,True,True,True,True,Orinder Ahuja,Good condition,False
INSP02937,2026-03-18,SCH0344,False,True,True,UNKNOWN,UNKNOWN,Raghav Mall,No remarks,False
INSP01269,2025-10-04,SCH0488,True,True,True,False,UNKNOWN,Ojasvi Rattan,,False
INSP01780,2026-02-15,SCH0453,UNKNOWN,False,True,True,False,Qadim Prabhu,Needs repair,False
INSP00498,2025-11-05,SCH0590,True,True,False,True,True,Divya Kari,Toilets locked,False
INSP00343,2025-05-28,SCH0346,True,True,UNKNOWN,True,False,Yamini Badami,Average,False
INSP02879,2025-12-15,SCH0063,UNKNOWN,UNKNOWN,True,True,True,Devika Tank,Toilets locked,False
INSP02390,2025-12-06,SCH0119,False,True,False,True,True,Onveer Jaggi,Good condition,False
INSP00783,2025-06-16,SCH0078,True,False,True,False,False,Harish Kaul,Average,False
INSP02291,2025-07-04,SCH0008,True,True,False,True,False,Nitesh Zachariah,Average,False
INSP00304,2025-11-03,SCH0325,False,True,False,True,False,Faqid Mitter,,False
INSP01952,2025-10-27,SCH0086,True,True,True,False,False,Urvi Pai,Needs repair,False
INSP00665,2026-03-15,SCH0450,True,True,True,True,True,Harinakshi Shenoy,Toilets locked,False
INSP01814,2026-01-19,SCH0197,False,False,True,True,False,Zarna Saxena,Toilets locked,False
INSP01624,2025-06-23,SCH0401,True,UNKNOWN,False,True,False,,Average,True
INSP02836,2025-10-18,SCH0370,False,True,True,False,False,Lavanya Nazareth,Toilets locked,False
INSP01629,2025-09-03,SCH0321,True,True,False,False,False,Isaac Wagle,Average,False
INSP00085,2025-05-14,SCH0466,True,True,False,True,True,Bhanumati Gaba,Needs repair,False
INSP02333,2026-01-25,SCH0590,True,True,False,False,True,Yuvraj Butala,No remarks,False
INSP00942,2025-09-28,SCH0494,False,False,True,False,False,Ikbal Verma,Average,False
INSP00962,2025-07-24,SCH0143,True,False,False,False,True,Vasatika Barad,No remarks,False
INSP00842,2026-01-21,SCH0142,True,True,True,False,UNKNOWN,Veda Ratta,Good condition,False
INSP02502,2026-01-05,SCH0335,False,True,True,False,True,Rachit Sibal,Good condition,False
INSP02651,2026-01-06,SCH0106,UNKNOWN,True,True,False,True,Nilima Kannan,Toilets locked,False
INSP01415,2025-08-19,SCH0330,True,True,True,True,False,Odika Deol,Toilets locked,False
INSP00291,2026-05-02,SCH0441,True,True,True,True,True,Ikbal Swamy,Needs repair,False
INSP02195,2025-05-01,SCH0509,True,True,True,True,False,Qushi Zachariah,Needs repair,False
INSP01242,2025-12-31,SCH0386,False,True,True,True,False,Abha Bal,Average,False
INSP00605,2026-02-25,SCH0138,True,True,False,False,True,Kalpit Varma,Average,False
INSP02150,2025-04-27,SCH0047,True,True,UNKNOWN,False,True,Elijah Kade,Average,False
INSP00917,2025-05-06,SCH0474,True,True,True,False,True,Lakshmi Menon,,False
INSP02622,2026-03-16,SCH0216,False,True,True,False,True,,Toilets locked,True
INSP01823,2025-11-03,SCH0221,False,UNKNOWN,True,UNKNOWN,True,Bishakha Pant,Toilets locked,False
INSP01100,2025-05-08,SCH0486,True,True,False,False,False,Advay Kamdar,,False
INSP01089,2025-08-07,SCH0600,True,True,False,True,False,Lakshit Sem,Average,False
INSP02214,2026-02-07,SCH0103,True,True,True,UNKNOWN,False,Nitara Ghosh,Needs repair,False
INSP01442,2025-07-15,SCH0205,UNKNOWN,True,True,True,False,,No remarks,True
INSP00822,2025-07-12,SCH0393,True,True,True,False,True,Aachal Babu,,False
INSP02597,2025-09-27,SCH0084,True,True,UNKNOWN,True,False,,Toilets locked,True
INSP01001,2025-05-29,SCH0240,True,True,True,False,True,,No remarks,True
INSP01495,2025-08-30,SCH0062,False,False,True,False,False,Garima Sodhi,,False
INSP00019,2026-03-03,SCH0418,False,True,True,False,True,,Needs repair,True
INSP02975,2026-02-18,SCH0543,True,True,True,True,False,,Needs repair,True
INSP01126,2025-11-11,SCH0219,True,True,UNKNOWN,False,True,Wriddhish Kalla,Needs repair,False
INSP01352,2025-08-07,SCH0545,True,False,UNKNOWN,True,True,Jack Munshi,,False
INSP02251,2025-10-07,SCH0497,True,UNKNOWN,True,True,False,Jasmit Ghose,Good condition,False
INSP01396,2025-06-13,SCH0390,False,True,True,False,False,,Good condition,True
INSP01719,2026-01-07,SCH0538,True,True,False,False,True,,Average,True
INSP01594,2025-11-04,SCH0378,False,True,True,False,False,Ranveer Randhawa,Good condition,False
INSP01810,2026-01-30,SCH0343,True,True,UNKNOWN,True,True,Divya Purohit,Toilets locked,False
INSP01658,2025-05-17,SCH0247,False,True,True,False,True,Sudiksha Nagy,Average,False
INSP02128,2025-04-23,SCH0059,True,True,True,True,False,Avi Chawla,Toilets locked,False
INSP01518,2025-05-10,SCH0190,True,True,False,True,True,Zansi Kaul,Toilets locked,False
INSP01010,2025-10-06,SCH0566,False,True,True,UNKNOWN,True,Yutika Chowdhury,No remarks,False
INSP00361,2025-12-09,SCH0410,True,False,True,False,False,Faris Lad,Average,False
INSP02690,2025-05-07,SCH0292,True,True,True,False,False,Ethan Gala,Toilets locked,False
INSP02013,2025-08-16,SCH0098,True,True,True,False,True,Kamala Khatri,Good condition,False
INSP02739,2025-12-10,SCH0198,True,True,True,True,False,Urvashi Kala,Toilets locked,False
INSP01841,2025-10-14,SCH0164,False,False,True,False,False,Samaksh Murthy,Good condition,False
INSP00345,2025-04-12,SCH0535,True,False,True,UNKNOWN,True,Deepa Goyal,Toilets locked,False
INSP00987,2025-04-15,SCH0385,True,True,True,True,True,Anya Palla,,False
INSP02026,2026-03-06,SCH0382,False,True,True,True,False,Tanmayi Gokhale,Toilets locked,False
INSP01912,2026-03-17,SCH0459,True,True,False,True,False,Priya Das,Needs repair,False
INSP01476,2025-06-27,SCH0258,True,False,False,False,False,Caleb Mallick,No remarks,False
INSP01299,2025-11-01,SCH0075,True,UNKNOWN,True,True,True,Warjas Jani,Toilets locked,False
INSP00114,2025-06-16,SCH0302,True,True,True,True,True,Sara Palla,,False
INSP01211,2025-06-28,SCH0306,True,True,True,True,False,Rajeshri Sheth,Needs repair,False
INSP02023,2025-10-04,SCH0181,False,True,True,False,UNKNOWN,Hitesh Rajan,Good condition,False
INSP01895,2025-05-23,SCH0220,True,False,True,False,False,Jai Kara,Toilets locked,False
INSP00086,2026-12-01,SCH0244,True,True,True,True,False,Dipta Rastogi,Toilets locked,False
INSP02175,2025-11-01,SCH0020,True,True,True,False,True,Triya Sibal,No remarks,False
INSP00669,2026-01-29,SCH0321,True,True,True,False,False,,,True
INSP01015,2025-12-07,SCH0060,UNKNOWN,True,True,False,False,Daksha Wadhwa,No remarks,False
INSP00129,2026-01-31,SCH0030,True,True,False,True,UNKNOWN,Pooja Pillai,No remarks,False
INSP02498,2026-02-10,SCH0236,True,True,False,True,False,Eshana Chanda,No remarks,False
INSP02961,2025-08-18,SCH0144,True,True,False,True,True,Azad Sachar,,False
INSP00892,2025-04-29,SCH0400,False,True,True,True,True,Vedika Krish,Good condition,False
INSP01584,2025-11-27,SCH0151,True,True,True,False,True,Zinal Rege,Good condition,False
INSP00308,2025-12-21,SCH0116,True,True,True,True,True,Nicholas Pathak,No remarks,False
INSP00384,2025-10-15,SCH0051,True,False,True,False,True,Maanas Mangat,Good condition,False
INSP02044,2025-10-23,SCH0245,True,True,True,True,True,William Mohanty,,False
INSP01296,2025-12-12,SCH0346,True,True,UNKNOWN,False,UNKNOWN,Azaan Deol,,False
INSP02067,2025-05-11,SCH0215,True,True,True,True,False,Jagrati Grover,Needs repair,False
INSP00427,2026-01-12,SCH0452,True,True,True,True,True,Chakrika Bajaj,Good condition,False
INSP00495,2026-02-16,SCH0491,True,False,True,False,True,Kai Mitra,Needs repair,False
INSP01208,2025-03-04,SCH0526,True,False,True,True,True,Shivani Chahal,Toilets locked,False
INSP01209,2026-01-30,SCH0479,False,True,True,True,True,Krishna Iyer,Good condition,False
INSP02317,2025-08-14,SCH0241,UNKNOWN,True,True,True,True,Daniel Nagy,No remarks,False
INSP01400,2025-10-24,SCH0072,True,UNKNOWN,True,True,True,Balendra Sundaram,Needs repair,False
INSP01767,2025-06-22,SCH0105,True,False,True,True,False,Krisha Sheth,Toilets locked,False
INSP00276,2026-02-10,SCH0512,True,True,True,UNKNOWN,True,,Toilets locked,True
INSP00490,2025-06-08,SCH0353,False,True,True,True,False,Charvi Iyer,No remarks,False
INSP02667,2026-03-31,SCH0114,False,False,UNKNOWN,False,True,Jeremiah Tandon,No remarks,False
INSP00691,2025-12-10,SCH0310,False,True,False,False,False,,Average,True
INSP01798,2026-02-28,SCH0582,True,True,True,True,True,,Toilets locked,True
INSP01770,2026-03-21,SCH0105,False,True,True,True,True,Isha Issac,,False
INSP02258,2026-07-03,SCH0567,True,True,True,False,True,Guneet Kannan,No remarks,False
INSP01331,2025-12-10,SCH0498,True,True,False,True,True,Nitesh Baria,No remarks,False
INSP02868,2026-02-13,SCH0322,True,UNKNOWN,True,True,False,Girish Zachariah,Good condition,False
INSP01059,2025-08-27,SCH0425,True,True,False,False,False,,Toilets locked,True
INSP00119,2025-08-05,SCH0009,True,False,False,True,True,Owen Koshy,Average,False
INSP01025,2026-03-19,SCH0056,True,True,True,True,True,Amara Sura,Average,False
INSP02784,2026-07-01,SCH0042,True,True,False,True,True,Aishani Butala,Needs repair,False
INSP00282,2025-04-26,SCH0148,False,True,True,True,True,Yuvraj Suri,Good condition,False
INSP01672,2026-02-27,SCH0540,True,True,True,False,False,Bahadurjit Jhaveri,,False
INSP02459,2026-02-01,SCH0298,False,True,True,UNKNOWN,False,Zaitra Brahmbhatt,,False
INSP00969,2025-09-18,SCH0290,False,True,False,True,False,Sanya Dutta,Toilets locked,False
INSP02064,2026-01-25,SCH0080,True,False,True,True,False,Ethan Muni,,False
INSP01919,2025-06-01,SCH0536,UNKNOWN,True,True,False,True,Chaaya Parekh,,False
INSP01790,2025-08-14,SCH0213,False,False,True,True,False,Yoshita Rastogi,No remarks,False
INSP00156,2025-11-04,SCH0331,False,True,False,True,False,Christopher Kohli,,False
INSP00305,2026-03-01,SCH0416,UNKNOWN,True,True,True,False,Krisha Patel,No remarks,False
INSP02054,2025-11-12,SCH0232,True,True,True,True,True,Vasatika Dyal,,False
INSP02684,2025-12-05,SCH0340,UNKNOWN,True,True,True,True,,Average,True
INSP01690,2025-04-05,SCH0237,True,False,True,True,False,Anirudh Swaminathan,Needs repair,False
INSP02781,2025-04-19,SCH0405,True,True,True,False,True,Saksham Palla,No remarks,False
INSP02360,2025-12-18,SCH0040,False,False,True,False,True,Qabil Mani,Toilets locked,False
INSP01526,2026-01-26,SCH0418,UNKNOWN,True,False,True,False,Netra Puri,No remarks,False
INSP00576,2026-03-31,SCH0018,False,True,True,False,True,Ubika Nath,Needs repair,False
INSP02065,2026-02-17,SCH0487,False,True,True,True,False,Unnati Dayal,Needs repair,False
INSP02705,2026-02-27,SCH0063,True,True,True,True,False,Chatresh Gala,Good condition,False
INSP02759,2025-04-05,SCH0448,True,True,False,False,False,Upkaar Kamdar,Toilets locked,False
INSP01322,2025-04-28,SCH0209,True,True,False,False,False,Harita Zachariah,Good condition,False
INSP00844,2025-07-26,SCH0053,False,UNKNOWN,True,UNKNOWN,True,Warjas Sundaram,No remarks,False
INSP01407,2025-11-24,SCH0459,False,True,False,False,False,,No remarks,True
INSP00270,2025-12-26,SCH0175,True,True,True,UNKNOWN,True,,Good condition,True
INSP00630,2026-01-26,SCH0104,True,True,True,True,True,Dayamai Gola,No remarks,False
INSP01034,2025-10-13,SCH0111,True,True,True,True,False,Charan Bhakta,Needs repair,False
INSP00287,2025-05-09,SCH0395,True,True,True,True,True,Warhi Kanda,,False
INSP02331,2026-03-29,SCH0379,UNKNOWN,True,False,True,False,Siya Shan,Good condition,False
INSP00301,2025-10-31,SCH0078,True,True,True,False,True,Saanvi Tripathi,Toilets locked,False
INSP01510,2025-08-23,SCH0336,True,True,True,True,False,Jagdish Warrior,Toilets locked,False
INSP02020,2025-12-31,SCH0209,True,UNKNOWN,False,False,False,Anmol Pau,Needs repair,False
INSP01868,2026-01-19,SCH0283,True,True,True,True,True,Ayaan Handa,Good condition,False
INSP01468,2026-01-18,SCH0452,UNKNOWN,True,True,False,False,Quincy Dewan,Toilets locked,False
INSP00066,2025-07-01,SCH0242,True,True,True,True,True,Yadavi Krishnan,,False
INSP02340,2026-03-02,SCH0174,True,False,True,False,False,Lohit Sahni,Toilets locked,False
INSP00891,2025-12-08,SCH0446,False,True,True,False,True,Radha Mahajan,Average,False
INSP01879,2025-09-29,SCH0430,True,True,True,True,False,,No remarks,True
INSP01972,2025-07-21,SCH0168,True,True,True,True,True,Kalpit Varkey,Needs repair,False
INSP02657,2025-12-16,SCH0125,False,True,True,True,True,,,True
INSP02976,2026-01-09,SCH0388,True,True,True,UNKNOWN,True,,Average,True
INSP00231,2025-07-01,SCH0365,True,True,True,True,True,Irya Patla,Needs repair,False
INSP00504,2025-04-17,SCH0265,True,True,False,True,True,Balvan Babu,Needs repair,False
INSP01353,2025-08-17,SCH0179,True,True,True,True,True,Veda Sethi,No remarks,False
INSP01511,2025-04-24,SCH0419,UNKNOWN,True,True,True,UNKNOWN,Gabriel Bhakta,Average,False
INSP01613,2026-01-12,SCH0361,False,True,True,False,True,Ekta Pingle,No remarks,False
INSP01375,2025-09-29,SCH0310,True,True,UNKNOWN,True,True,Ojas Mohanty,No remarks,False
INSP01005,2025-04-19,SCH0138,True,False,True,False,False,Qasim Walia,Average,False
INSP00837,2025-03-05,SCH0428,True,True,True,True,True,Ethan Som,Good condition,False
INSP01724,2025-06-15,SCH0348,UNKNOWN,True,True,True,True,Yadavi Suresh,No remarks,False
INSP00375,2026-02-19,SCH0204,False,True,UNKNOWN,True,True,Warjas Solanki,No remarks,False
INSP01399,2025-07-12,SCH0517,True,True,True,True,True,Osha Mandal,,False
INSP02226,2025-10-09,SCH0431,True,False,True,True,True,Ekanta Karpe,Toilets locked,False
INSP01993,2025-11-21,SCH0214,True,UNKNOWN,False,True,False,Raghav Saxena,,False
INSP02012,2025-11-25,SCH0223,True,False,True,False,False,,,True
INSP00752,2026-04-01,SCH0381,True,True,True,True,True,Rajata Srinivas,Toilets locked,False
INSP00100,2025-01-08,SCH0033,True,True,True,True,True,Onkar Sarma,Average,False
INSP01923,2025-04-05,SCH0253,True,True,True,True,False,Harita Toor,Needs repair,False
INSP00867,2025-10-01,SCH0495,True,True,True,True,True,Robert Pradhan,,False
INSP00911,2025-09-18,SCH0400,False,True,True,True,True,,Toilets locked,True
INSP01477,2025-09-15,SCH0297,False,True,True,True,True,Sanya Tata,Average,False
INSP00530,2025-12-15,SCH0524,True,UNKNOWN,True,False,True,Jonathan Narasimhan,Average,False
INSP01261,2025-07-04,SCH0204,True,False,True,False,False,,Toilets locked,True
INSP01832,2025-11-15,SCH0362,False,True,True,False,True,Devansh Rai,,False
INSP00637,2025-10-27,SCH0038,True,False,True,False,False,Noah Mittal,Good condition,False
INSP01270,2025-11-11,SCH0056,True,True,True,True,True,Jeevika Gola,Good condition,False
INSP00186,2025-08-28,SCH0179,True,True,True,True,True,Charita Karan,,False
INSP01382,2025-11-16,SCH0306,True,False,False,True,True,Ekbal Dalal,No remarks,False
INSP01568,2025-06-27,SCH0076,True,True,UNKNOWN,True,False,Abdul Kara,Average,False
INSP00932,2025-09-23,SCH0311,True,UNKNOWN,True,UNKNOWN,False,Barkha Chaudhuri,Toilets locked,False
INSP02877,2025-06-08,SCH0404,False,True,True,True,False,Anika Deshmukh,,False
INSP01559,2025-03-11,SCH0544,True,True,False,UNKNOWN,False,Triya Acharya,No remarks,False
INSP02810,2025-08-16,SCH0587,False,True,True,False,True,Mohammed Wable,Average,False
INSP01274,2025-07-14,SCH0356,UNKNOWN,True,False,True,True,Ekaja Guha,Average,False
INSP02180,2025-10-25,SCH0591,True,True,True,False,True,Advaith Badal,Average,False
INSP00608,2025-08-26,SCH0580,True,True,False,True,False,David Viswanathan,Toilets locked,False
INSP01503,2025-10-16,SCH0140,True,True,True,True,True,Krishna Thaman,Needs repair,False
INSP00152,2025-10-05,SCH0127,False,True,True,True,False,Zayan Ramakrishnan,Good condition,False
INSP01437,2025-04-03,SCH0373,True,True,True,False,False,Aadhya Sachar,Needs repair,False
INSP02260,2025-06-22,SCH0239,True,True,UNKNOWN,False,True,Girik Wable,No remarks,False
INSP00732,2025-09-13,SCH0480,True,True,False,True,True,Lopa Balay,No remarks,False
INSP02857,2026-10-02,SCH0305,False,False,True,True,True,Vasudha Badami,Toilets locked,False
INSP02869,2025-04-21,SCH0566,True,True,True,True,True,Rajeshri Mitra,Toilets locked,False
INSP00024,2026-09-03,SCH0056,True,True,True,True,False,Bhavna Kamdar,No remarks,False
INSP02627,2025-09-16,SCH0495,False,True,True,True,True,Arunima Krishna,Average,False
INSP00159,2025-10-14,SCH0559,True,True,True,False,False,Nidra Rout,Good condition,False
INSP00862,2025-09-05,SCH0168,False,True,False,True,False,Ishanvi Patil,,False
INSP00903,2026-02-24,SCH0331,True,True,False,False,True,Aachal Tella,Toilets locked,False
INSP02981,2026-02-25,SCH0253,True,True,False,False,True,Balendra More,Toilets locked,False
INSP01231,2025-08-25,SCH0243,True,True,True,UNKNOWN,True,Balveer Garde,Needs repair,False
INSP02377,2025-12-12,SCH0540,True,True,True,False,False,Bina Deshpande,Average,False
INSP00445,2025-07-09,SCH0569,True,True,True,False,False,Hiral Ray,Toilets locked,False
INSP00755,2025-07-15,SCH0575,True,True,True,True,False,Dayita Om,Toilets locked,False
INSP00924,2025-10-12,SCH0155,True,True,True,True,True,Lucky Ratti,Needs repair,False
INSP02988,2025-03-05,SCH0242,False,True,True,True,False,Janaki Bajwa,Average,False
INSP00312,2026-03-23,SCH0175,True,True,True,False,True,Nihal Panchal,Needs repair,False
INSP00549,2026-01-29,SCH0429,True,True,True,False,False,Lila Oak,Toilets locked,False
INSP02105,2026-01-23,SCH0173,True,True,False,False,False,Ati Sankar,No remarks,False
INSP01625,2025-04-13,SCH0498,False,True,True,False,False,Kevin Gole,,False
INSP00307,2025-12-28,SCH0595,True,True,True,True,False,David Pillai,Good condition,False
INSP00288,2025-11-03,SCH0283,True,False,True,True,True,,Needs repair,True
INSP00695,2025-04-09,SCH0278,True,True,True,True,True,Nimrat Prashad,Needs repair,False
INSP00309,2025-05-10,SCH0487,True,True,True,False,False,Osha Kant,Average,False
INSP02444,2026-01-01,SCH0286,True,True,False,True,True,Qarin Mandal,Average,False
INSP00750,2026-03-24,SCH0080,False,True,True,True,True,Udant Sehgal,Toilets locked,False
INSP01602,2026-03-02,SCH0323,True,True,True,UNKNOWN,True,Zarna Rama,,False
INSP01691,2025-07-29,SCH0570,True,True,True,True,False,Advay Sandhu,Average,False
INSP01577,2026-03-24,SCH0552,UNKNOWN,True,True,UNKNOWN,False,,Good condition,True
INSP00909,2025-06-16,SCH0112,True,True,UNKNOWN,True,True,Zarna Purohit,No remarks,False
INSP00087,2025-12-27,SCH0568,False,True,True,True,True,Sachi Vyas,Average,False
INSP02504,2025-06-08,SCH0059,True,True,True,True,False,Fitan Kanda,No remarks,False
INSP02958,2025-06-28,SCH0264,True,True,False,True,UNKNOWN,Michael Amble,Toilets locked,False
INSP02624,2025-09-01,SCH0035,False,True,True,True,True,Mugdha Dasgupta,No remarks,False
INSP00971,2025-08-22,SCH0547,True,True,True,UNKNOWN,True,Jairaj Jaggi,Needs repair,False
INSP00014,2026-05-01,SCH0325,True,True,False,True,True,Falan Sankaran,Needs repair,False
INSP00874,2025-09-12,SCH0011,True,True,True,False,True,,Needs repair,True
INSP00809,2026-01-28,SCH0064,False,True,False,False,True,Viraj Barad,Good condition,False
INSP02711,2026-02-23,SCH0168,False,True,False,False,True,Zehaan Kumer,Toilets locked,False
INSP00515,2025-04-05,SCH0548,True,True,True,True,False,Vidhi Khalsa,No remarks,False
INSP02779,2026-08-02,SCH0481,True,True,True,True,False,Sai Mahal,Needs repair,False
INSP00410,2025-11-03,SCH0072,True,True,True,False,False,Wishi Babu,,False
INSP02010,2025-09-18,SCH0206,True,True,True,False,True,Praneel Bhandari,No remarks,False
INSP01338,2026-01-17,SCH0261,True,True,UNKNOWN,True,False,Mitali Krishnamurthy,No remarks,False
INSP02383,2026-05-02,SCH0199,False,True,True,False,False,Siya Grover,No remarks,False
INSP01462,2025-06-03,SCH0138,False,True,True,True,False,Nidra Dasgupta,Toilets locked,False
INSP01371,2026-03-01,SCH0275,False,True,True,UNKNOWN,False,Laban Menon,Average,False
INSP02807,2025-09-02,SCH0259,True,True,True,False,False,Aachal Johal,Good condition,False
INSP01585,2025-09-15,SCH0263,True,True,UNKNOWN,True,True,Chasmum Mittal,Good condition,False
INSP00383,2025-09-17,SCH0473,True,True,True,False,False,Fariq Naidu,Needs repair,False
INSP02016,2025-07-04,SCH0201,True,False,True,False,True,Ojas Garde,Good condition,False
INSP02663,2025-09-29,SCH0229,True,True,True,True,True,Falguni Dasgupta,,False
INSP02496,2025-09-10,SCH0243,False,True,False,True,True,Garima Mane,No remarks,False
INSP02462,2025-07-07,SCH0016,True,True,True,True,UNKNOWN,Viraj Batta,Toilets locked,False
INSP01848,2026-01-18,SCH0051,True,True,True,True,False,Oscar Maharaj,Good condition,False
INSP02059,2026-01-16,SCH0145,True,True,True,False,UNKNOWN,Chaitaly Mutti,Good condition,False
INSP02629,2026-03-22,SCH0448,True,True,True,False,True,Jeremiah Sidhu,Toilets locked,False
INSP00553,2025-08-25,SCH0245,True,True,True,False,False,Jagvi Kumar,,False
INSP00223,2025-10-14,SCH0027,False,False,UNKNOWN,False,False,Shravya Divan,,False
INSP01097,2025-07-25,SCH0530,True,True,UNKNOWN,True,False,Jagat Pathak,Toilets locked,False
INSP00009,2025-12-29,SCH0555,True,True,True,True,True,Benjamin Bali,Needs repair,False
INSP02863,2026-01-23,SCH0586,UNKNOWN,True,True,UNKNOWN,True,Onkar Mohanty,Needs repair,False
INSP00317,2026-02-25,SCH0154,True,True,False,True,True,Chatresh Naik,,False
INSP01329,2025-04-16,SCH0151,True,True,False,True,False,Praneel Keer,Toilets locked,False
INSP00428,2025-06-28,SCH0207,UNKNOWN,True,True,False,True,Robert Sarraf,Average,False
INSP00106,2026-01-17,SCH0441,True,True,True,True,True,Pahal Upadhyay,Needs repair,False
INSP02241,2025-05-22,SCH0505,True,True,False,False,False,Zaitra Narula,No remarks,False
INSP00143,2025-12-13,SCH0402,True,True,True,True,True,Bhavya Mannan,Good condition,False
INSP00122,2025-07-03,SCH0359,True,True,False,True,False,Geetika Sampath,Average,False
INSP02495,2025-07-26,SCH0504,UNKNOWN,True,True,True,False,Vedhika Srinivas,Average,False
INSP01190,2026-03-08,SCH0496,False,True,True,True,True,Damini Madan,Good condition,False
INSP02081,2026-02-14,SCH0443,UNKNOWN,True,False,True,False,Hema Basu,Good condition,False
INSP02783,2025-07-17,SCH0480,True,True,True,True,False,Oni Bhagat,,False
INSP02114,2025-10-24,SCH0388,False,True,True,False,False,,,True
INSP00116,2026-01-07,SCH0071,False,False,True,True,False,Ekbal Mohanty,Average,False
INSP01570,2026-10-02,SCH0257,True,True,True,True,False,Deepa Kalla,Toilets locked,False
INSP02269,2026-02-08,SCH0558,True,True,True,True,True,Prisha Tank,No remarks,False
INSP02261,2025-09-20,SCH0509,True,True,True,True,True,Yash Andra,Good condition,False
INSP01818,2025-06-26,SCH0211,True,True,True,True,False,Krisha Sabharwal,Average,False
INSP01784,2025-07-30,SCH0397,True,True,True,True,False,,Good condition,True
INSP02004,2025-10-05,SCH0132,UNKNOWN,True,False,True,True,Andrew Raju,Average,False
INSP00673,2025-09-04,SCH0173,True,False,False,True,True,Vrishti Misra,No remarks,False
INSP01727,2025-07-26,SCH0371,False,True,True,True,False,Irya Suri,,False
INSP01819,2026-03-30,SCH0495,True,True,True,False,True,,,True
INSP02186,2025-04-05,SCH0193,False,True,True,False,True,Aayush Viswanathan,Average,False
INSP00592,2025-12-03,SCH0329,True,UNKNOWN,False,True,False,Laksh Narayanan,,False
INSP02187,2026-01-14,SCH0049,True,True,True,True,True,Idika Vasa,Good condition,False
INSP00889,2025-07-01,SCH0379,True,True,True,False,False,Wriddhish Lal,,False
INSP01958,2025-10-18,SCH0525,False,True,True,True,True,Christopher Choudhury,Toilets locked,False
INSP02058,2025-10-16,SCH0588,True,True,UNKNOWN,True,False,Vritti Om,No remarks,False
INSP00214,2025-08-30,SCH0147,True,True,True,True,True,Balveer Din,Needs repair,False
INSP00779,2025-08-08,SCH0418,True,True,True,False,UNKNOWN,Gaurika Dugal,Good condition,False
INSP01863,2025-08-27,SCH0092,False,UNKNOWN,True,False,False,Pratyush Mani,,False
INSP00801,2025-08-06,SCH0552,False,True,True,True,True,Henry Modi,Average,False
INSP02610,2025-12-19,SCH0145,UNKNOWN,True,True,True,False,Bishakha Subramaniam,No remarks,False
INSP01615,2025-05-22,SCH0534,True,True,True,True,False,Bishakha Baria,Needs repair,False
INSP01703,2025-05-30,SCH0242,True,True,True,True,False,Harini Ahluwalia,Needs repair,False
INSP02407,2026-01-16,SCH0533,False,False,UNKNOWN,True,False,Ati Lala,Needs repair,False
INSP02915,2025-11-21,SCH0144,UNKNOWN,True,True,False,False,Oliver Dubey,,False
INSP02986,2025-09-04,SCH0293,True,True,True,True,True,Nandini Mann,Good condition,False
INSP02851,2026-03-22,SCH0442,True,False,True,False,True,Yug Chand,Needs repair,False
INSP01344,2026-10-03,SCH0450,False,True,True,False,False,Omya Minhas,Good condition,False
INSP00274,2025-07-21,SCH0453,True,True,True,False,False,Lekha Khanna,Average,False
INSP00072,2025-09-23,SCH0321,UNKNOWN,True,True,False,False,,Good condition,True
INSP02534,2025-05-29,SCH0023,True,True,True,False,False,Avi Rau,,False
INSP01088,2025-07-31,SCH0316,True,True,True,True,False,Chatura Cheema,No remarks,False
INSP00395,2026-02-28,SCH0191,True,UNKNOWN,True,True,False,Harita Balan,Average,False
INSP00584,2025-08-09,SCH0196,True,True,True,False,False,Tanmayi Mann,Good condition,False
INSP01704,2025-06-04,SCH0433,False,UNKNOWN,True,True,True,Gaurang Bandi,No remarks,False
INSP02124,2025-04-27,SCH0043,True,True,True,True,True,,,True
INSP02130,2025-10-02,SCH0199,True,True,True,False,True,,No remarks,True
INSP00501,2025-05-22,SCH0126,True,False,True,False,False,Chandresh Bava,Toilets locked,False
INSP02894,2025-06-19,SCH0479,True,UNKNOWN,False,False,False,Faraj Nori,Good condition,False
INSP02343,2025-07-09,SCH0320,True,False,True,True,False,Zayyan Khare,Good condition,False
INSP02881,2025-12-25,SCH0080,False,True,UNKNOWN,True,True,Vansha Solanki,Average,False
INSP01652,2025-12-25,SCH0088,True,True,True,True,True,Ayaan Tak,Good condition,False
INSP01260,2025-05-12,SCH0477,False,True,UNKNOWN,True,True,Avni Butala,Average,False
INSP02909,2025-12-16,SCH0308,False,False,UNKNOWN,False,True,Laban Hari,Needs repair,False
INSP02242,2025-11-29,SCH0171,True,True,True,UNKNOWN,False,Balendra Thaker,Needs repair,False
INSP00206,2025-11-23,SCH0218,True,True,True,True,False,Yahvi Brahmbhatt,Average,False
INSP00734,2025-05-28,SCH0419,True,False,True,True,True,Anay Dubey,Good condition,False
INSP02514,2025-06-07,SCH0442,True,True,False,False,True,Benjamin Mahajan,,False
INSP00527,2026-03-30,SCH0209,True,False,True,False,False,Bhavini Contractor,No remarks,False
INSP01917,2025-10-25,SCH0232,True,True,UNKNOWN,False,True,Garima Dhawan,Toilets locked,False
INSP00899,2025-07-30,SCH0108,False,False,False,False,True,Upma Mani,,False
INSP00378,2025-08-21,SCH0299,True,True,True,True,False,Ikshita Kadakia,Toilets locked,False
INSP01926,2025-06-04,SCH0247,True,True,True,True,True,,Needs repair,True
INSP02820,2025-12-17,SCH0328,False,True,True,True,False,Yasti Arya,,False
INSP01612,2025-04-30,SCH0205,False,True,True,False,True,Azad Narayan,Needs repair,False
INSP00387,2025-07-05,SCH0307,True,True,True,True,True,Gaurang Chowdhury,Needs repair,False
INSP00199,2025-08-06,SCH0253,False,True,True,True,False,Harshil Choudhury,,False
INSP01051,2025-12-25,SCH0319,UNKNOWN,True,True,True,True,Ubika Kari,Good condition,False
INSP00591,2026-03-27,SCH0384,True,True,True,False,True,Anirudh Dewan,Needs repair,False
INSP00520,2026-03-19,SCH0220,False,True,False,False,False,,No remarks,True
INSP02132,2025-07-31,SCH0568,True,False,False,False,True,Yadavi Dora,Average,False
INSP02747,2025-07-23,SCH0174,True,True,True,False,False,Nathaniel Purohit,No remarks,False
INSP00430,2026-01-31,SCH0412,False,True,True,False,True,Chandran Singhal,Toilets locked,False
INSP01084,2026-01-03,SCH0194,False,True,True,UNKNOWN,False,Nirja Bandi,Average,False
INSP00208,2025-11-24,SCH0376,True,True,True,UNKNOWN,False,,No remarks,True
INSP00492,2025-04-10,SCH0536,True,True,True,True,False,Ethan Samra,No remarks,False
INSP02104,2025-10-17,SCH0321,False,True,False,False,True,Siddharth Ramesh,,False
INSP00793,2025-09-06,SCH0228,True,True,False,False,True,,No remarks,True
INSP02623,2025-04-16,SCH0074,True,True,False,True,False,Faras Deo,Needs repair,False
INSP01187,2025-12-19,SCH0269,True,True,True,False,False,Fariq Kunda,,False
INSP01186,2025-04-26,SCH0540,False,False,False,False,False,Saumya Parsa,Toilets locked,False
INSP01965,2026-02-07,SCH0079,True,True,True,True,True,Hardik Dhillon,No remarks,False
INSP01816,2025-09-25,SCH0216,True,True,False,True,True,Urishilla Gour,No remarks,False
INSP02352,2025-07-19,SCH0348,True,True,True,True,False,Siya Mody,No remarks,False
INSP01411,2025-01-10,SCH0289,UNKNOWN,True,True,True,False,,Needs repair,True
INSP00084,2026-02-01,SCH0093,UNKNOWN,True,True,True,UNKNOWN,Meera Sura,Good condition,False
INSP02554,2025-12-22,SCH0278,False,True,False,True,True,Irya Srinivas,Needs repair,False
INSP02346,2025-07-02,SCH0523,True,True,True,False,False,Girindra Gade,,False
INSP00021,2025-04-12,SCH0199,True,True,False,True,False,,No remarks,True
INSP01539,2025-05-08,SCH0149,False,True,False,True,True,Ubika Kala,Average,False
INSP01707,2025-04-15,SCH0550,True,UNKNOWN,True,True,False,Arjun Bava,No remarks,False
INSP01745,2026-03-21,SCH0599,True,True,True,True,True,Ijaya Andra,Average,False
INSP01406,2025-10-20,SCH0111,True,True,True,True,True,Aarush Venkataraman,No remarks,False
INSP02867,2026-01-14,SCH0535,False,True,True,True,True,Mohammed Prashad,,False
INSP02832,2025-05-15,SCH0063,True,True,True,False,False,Eiravati Tripathi,Toilets locked,False
INSP02883,2025-08-05,SCH0449,True,True,True,False,True,,No remarks,True
INSP00974,2025-05-25,SCH0276,UNKNOWN,True,False,True,True,Keya Zacharia,Good condition,False
INSP02932,2025-08-19,SCH0516,False,True,True,True,False,Devansh Loyal,,False
INSP00884,2025-10-17,SCH0377,True,True,UNKNOWN,True,True,Ishita Raja,,False
INSP01099,2025-04-25,SCH0239,True,True,True,False,UNKNOWN,Orinder Sur,Good condition,False
INSP00157,2025-10-09,SCH0201,True,True,True,True,False,Wazir Panchal,Needs repair,False
INSP02400,2025-07-05,SCH0464,True,True,True,True,False,,Average,True
INSP00887,2025-09-23,SCH0105,True,True,UNKNOWN,True,True,Balhaar Dhawan,Needs repair,False
INSP01779,2025-09-17,SCH0063,True,True,True,False,False,Zayan Aurora,Average,False
INSP02608,2025-08-04,SCH0290,True,False,True,True,True,Fariq Mitra,Toilets locked,False
INSP01673,2026-02-26,SCH0471,True,False,True,True,False,Sarthak Bhardwaj,Good condition,False
INSP02666,2025-04-21,SCH0600,False,True,True,UNKNOWN,False,Ganga Nayak,Needs repair,False
INSP02487,2025-12-10,SCH0438,UNKNOWN,True,True,True,False,Chanakya Hayer,,False
INSP02977,2025-04-14,SCH0359,False,True,True,True,False,Jeremiah Chaudhari,,False
INSP01454,2025-02-09,SCH0141,True,False,True,True,False,Adya Issac,No remarks,False
INSP02786,2025-05-19,SCH0358,True,UNKNOWN,False,True,False,Ayush Deshmukh,,False
INSP00459,2025-12-27,SCH0307,True,True,False,True,True,Reyansh Raval,,False
INSP00079,2025-12-13,SCH0207,True,True,True,True,False,,No remarks,True
INSP01057,2025-06-06,SCH0009,True,True,True,False,False,Veda Chada,No remarks,False
INSP00907,2026-03-12,SCH0598,True,True,False,False,True,Turvi Banerjee,Needs repair,False
INSP01750,2025-05-21,SCH0089,False,True,True,False,UNKNOWN,Yashvi Mohan,,False
INSP02334,2025-11-22,SCH0046,True,True,True,False,False,Samesh Krishnan,Toilets locked,False
INSP02835,2025-10-28,SCH0273,True,True,True,False,False,Nathan Keer,Good condition,False
INSP00381,2025-11-03,SCH0235,True,True,True,True,False,George Arya,No remarks,False
INSP00948,2026-12-03,SCH0071,False,True,True,False,True,Nihal Devan,Good condition,False
INSP01911,2025-05-19,SCH0423,True,True,UNKNOWN,True,UNKNOWN,Owen Nagy,Average,False
INSP02118,2026-01-03,SCH0429,True,True,True,True,True,Maanas Handa,Average,False
INSP00716,2025-10-27,SCH0117,True,True,True,True,True,Jagdish Gour,No remarks,False
INSP02108,2025-10-14,SCH0295,True,True,True,False,True,Widisha Pall,Toilets locked,False
INSP00687,2025-10-17,SCH0284,True,True,True,True,False,Yug Kamdar,No remarks,False
INSP02698,2025-06-03,SCH0282,True,True,True,True,False,Gaurika Upadhyay,,False
INSP01294,2025-10-23,SCH0099,False,True,True,True,True,Udant Muni,Needs repair,False
INSP00306,2025-06-17,SCH0447,True,UNKNOWN,False,False,True,Isaiah Golla,Toilets locked,False
INSP00210,2025-12-22,SCH0500,False,True,True,True,True,Divya Atwal,Toilets locked,False
INSP01660,2026-01-27,SCH0026,True,UNKNOWN,True,True,False,,Good condition,True
INSP02341,2025-09-14,SCH0561,False,True,False,False,True,Nitara Comar,Toilets locked,False
INSP01721,2025-04-08,SCH0600,False,True,True,True,True,Om Sanghvi,Needs repair,False
INSP00886,2025-12-07,SCH0409,True,True,True,True,False,Gautam Krishnan,Toilets locked,False
INSP02615,2025-05-31,SCH0129,False,True,True,False,False,,No remarks,True
INSP00918,2025-08-01,SCH0221,True,True,True,False,False,Umang Kulkarni,,False
INSP01861,2025-09-25,SCH0061,True,True,True,False,False,Aarush Ramakrishnan,Toilets locked,False
INSP00192,2026-03-30,SCH0188,True,False,True,True,True,Tanvi Bahri,No remarks,False
INSP01949,2026-01-23,SCH0203,True,True,True,UNKNOWN,True,Ganga Nayak,Needs repair,False
INSP02148,2025-09-21,SCH0058,False,False,True,True,UNKNOWN,Netra Shetty,Needs repair,False
INSP01266,2026-03-20,SCH0479,True,False,True,True,False,Wyatt Shroff,Needs repair,False
INSP00484,2025-08-14,SCH0004,True,True,True,True,False,Michael Thakur,Toilets locked,False
INSP00916,2025-08-11,SCH0274,True,False,True,False,False,Ethan Swaminathan,No remarks,False
INSP02733,2025-09-08,SCH0071,True,True,True,True,True,,Average,True
INSP00278,2026-02-06,SCH0530,False,True,True,False,False,Joshua Rajagopalan,Toilets locked,False
INSP00989,2026-03-31,SCH0413,True,False,True,True,UNKNOWN,Gavin Taneja,Toilets locked,False
INSP01957,2026-03-26,SCH0210,True,True,False,True,False,Ayushman Raju,No remarks,False
INSP01246,2025-07-06,SCH0285,True,True,True,False,UNKNOWN,Henry Basak,Good condition,False
INSP00572,2026-02-21,SCH0369,True,True,False,True,True,Bakhshi Raman,Toilets locked,False
INSP01436,2025-09-04,SCH0312,False,True,True,True,False,Manthan Raja,Average,False
INSP00994,2026-02-08,SCH0595,True,False,False,False,True,,Good condition,True
INSP01567,2026-08-01,SCH0434,False,True,False,False,False,Jatin Ganesh,,False
INSP01563,2025-10-10,SCH0589,False,False,True,False,False,Waida Thakkar,No remarks,False
INSP00586,2025-04-21,SCH0569,False,True,UNKNOWN,True,True,,Needs repair,True
INSP02526,2025-10-28,SCH0484,False,True,False,True,False,Dayita Nayar,Needs repair,False
INSP02788,2026-02-18,SCH0508,UNKNOWN,True,True,UNKNOWN,False,Samar Munshi,,False
INSP01350,2025-08-21,SCH0169,True,True,False,True,False,Tarak Shetty,,False
INSP01008,2025-04-04,SCH0583,False,True,False,True,False,Omisha Oza,,False
INSP00675,2025-07-31,SCH0513,True,False,True,True,True,,Average,True
INSP02203,2025-07-10,SCH0472,True,True,UNKNOWN,True,True,Chanakya Tandon,Average,False
INSP00856,2025-08-01,SCH0373,True,True,False,False,True,Jagrati Krishnamurthy,Needs repair,False
INSP00448,2025-06-01,SCH0066,True,True,True,UNKNOWN,True,Odika Maharaj,Needs repair,False
INSP01862,2025-04-11,SCH0243,True,True,True,True,False,Praneel Kalla,Toilets locked,False
INSP01804,2025-05-13,SCH0246,True,True,False,UNKNOWN,False,Madhav Wali,Needs repair,False
INSP02382,2025-09-25,SCH0043,True,True,True,False,True,Caleb Thakur,Needs repair,False
INSP02813,2025-12-03,SCH0281,True,True,False,False,True,Anita Tara,,False
INSP02509,2025-03-11,SCH0589,True,True,True,True,False,Chanakya Taneja,Needs repair,False
INSP01915,2025-03-05,SCH0390,True,True,True,True,UNKNOWN,Anay Golla,,False
INSP02809,2025-08-01,SCH0326,True,True,True,True,False,Anthony Jha,,False
INSP02619,2025-12-21,SCH0320,True,True,True,True,False,Vihaan Parsa,Average,False
INSP01248,2026-03-22,SCH0520,True,True,True,False,False,Logan Balasubramanian,Average,False
INSP00295,2025-07-20,SCH0283,True,True,True,True,False,Unnati Tella,Needs repair,False
INSP00589,2026-03-30,SCH0044,False,False,True,False,False,Jacob Pandit,Toilets locked,False
INSP01282,2025-04-18,SCH0086,UNKNOWN,True,True,True,False,Manbir Sethi,,False
INSP01589,2025-11-13,SCH0438,True,False,UNKNOWN,True,False,Dhriti Pandit,No remarks,False
INSP02035,2025-05-04,SCH0445,True,UNKNOWN,True,False,False,Chavvi Khurana,Good condition,False
INSP02695,2025-05-13,SCH0276,True,True,True,False,False,Upasna Kade,Good condition,False
INSP02520,2026-01-30,SCH0039,False,True,True,True,True,Ria Menon,Good condition,False
INSP02376,2025-04-14,SCH0417,True,True,True,False,True,,Good condition,True
INSP01418,2025-07-18,SCH0204,True,True,True,True,True,Tara Loyal,Average,False
INSP00426,2025-07-19,SCH0254,False,False,True,False,True,Wishi Rama,Average,False
INSP00535,2025-04-14,SCH0280,True,True,True,True,True,Yahvi Sengupta,Good condition,False
INSP01055,2026-01-03,SCH0500,True,True,True,False,True,Janya Saxena,Needs repair,False
INSP02567,2026-03-27,SCH0524,True,True,True,True,False,Arin Sood,,False
INSP02635,2025-05-28,SCH0003,True,True,True,True,False,,Average,True
INSP02928,2025-08-01,SCH0508,False,False,False,True,False,Vinaya Ghosh,Needs repair,False
INSP00133,2025-04-08,SCH0250,False,True,True,True,True,Mugdha Varma,Average,False
INSP02184,2025-11-05,SCH0230,True,False,False,True,True,Yatin Prasad,Average,False
INSP00422,2025-12-31,SCH0093,True,True,True,False,True,Leela Narula,Needs repair,False
INSP02796,2025-07-06,SCH0600,False,True,True,True,UNKNOWN,Anay Mahal,No remarks,False
INSP02149,2025-08-22,SCH0566,True,True,False,False,True,Alka Bawa,,False
INSP01369,2025-04-28,SCH0287,True,True,True,False,False,Rachana Dass,Toilets locked,False
INSP00557,2025-04-30,SCH0356,False,True,True,False,True,Saumya Narang,Average,False
INSP02460,2025-04-16,SCH0257,True,True,False,False,False,Dipta De,Toilets locked,False
INSP01661,2025-12-25,SCH0119,True,True,True,UNKNOWN,True,Wyatt Sharaf,Toilets locked,False
INSP02817,2025-06-22,SCH0054,False,True,UNKNOWN,True,UNKNOWN,Aahana Sani,,False
INSP02045,2025-07-06,SCH0458,True,True,True,False,False,Rishi Sridhar,Good condition,False
INSP00571,2025-07-30,SCH0223,True,True,True,True,UNKNOWN,Yash Sami,,False
INSP00353,2025-06-17,SCH0276,True,True,True,False,False,Patrick Rau,,False
INSP00092,2026-01-07,SCH0555,True,True,True,False,UNKNOWN,Warda Krishna,,False
INSP02969,2025-10-09,SCH0329,True,True,True,True,True,Rayaan Mital,Needs repair,False
INSP02665,2025-04-11,SCH0314,False,True,True,False,False,,No remarks,True
INSP01171,2025-11-29,SCH0534,True,False,True,True,True,Chaitaly Balan,No remarks,False
INSP02896,2025-09-06,SCH0075,False,False,False,UNKNOWN,True,Praneel Deo,,False
INSP01286,2026-03-24,SCH0423,True,UNKNOWN,True,True,False,Wazir Sehgal,Average,False
INSP02169,2025-06-16,SCH0037,True,True,False,True,False,Qarin Parmar,No remarks,False
INSP02216,2025-09-27,SCH0318,True,True,False,False,False,Vedika Deshpande,,False
INSP01592,2025-06-17,SCH0234,True,True,True,True,False,Jhalak Choudhry,,False
INSP02634,2026-02-11,SCH0442,True,False,True,True,True,Wazir Kapur,Toilets locked,False
INSP00698,2025-08-15,SCH0351,True,True,True,True,True,Victor Bhandari,,False
INSP02637,2025-09-17,SCH0327,True,True,False,False,True,Oscar Sunder,No remarks,False
INSP00349,2026-02-05,SCH0207,False,True,True,True,False,Qushi Shere,Good condition,False
INSP01747,2025-05-30,SCH0344,False,True,True,False,False,Edhitha Soman,No remarks,False
INSP02470,2025-10-14,SCH0078,UNKNOWN,True,False,False,True,Yauvani Mistry,Average,False
INSP02858,2025-07-10,SCH0154,True,True,True,False,True,Reyansh Bhatnagar,,False
INSP02358,2025-06-24,SCH0109,True,True,True,True,True,Wakeeta Gaba,Average,False
INSP01138,2025-06-12,SCH0007,True,True,True,False,True,Brinda Nanda,No remarks,False
INSP02005,2025-04-08,SCH0422,True,UNKNOWN,False,False,True,Ranveer Chadha,Toilets locked,False
INSP01621,2025-10-01,SCH0482,True,False,True,True,False,Darsh Narang,Needs repair,False
INSP02979,2025-03-08,SCH0031,True,True,UNKNOWN,False,True,Samesh Dar,Needs repair,False
INSP02963,2025-08-19,SCH0398,True,True,True,True,False,Anika Pandya,Toilets locked,False
INSP01340,2026-03-15,SCH0223,True,True,True,False,True,Lipika Kara,Average,False
INSP02620,2026-02-09,SCH0584,True,False,True,False,True,Ucchal Kapur,Needs repair,False
INSP00454,2025-06-22,SCH0071,False,UNKNOWN,True,True,True,Yashvi Talwar,Toilets locked,False
INSP00914,2025-12-09,SCH0323,True,True,True,True,False,Ati Suri,Average,False
INSP02339,2026-07-01,SCH0069,True,False,True,True,True,Hritik Dutt,,False
INSP01200,2025-06-24,SCH0009,True,UNKNOWN,True,True,False,Janya Murty,Good condition,False
INSP01275,2026-03-29,SCH0562,True,True,False,False,True,Ekanta Mangat,Average,False
INSP02060,2025-12-20,SCH0571,False,True,False,True,True,Dev Walia,,False
INSP00038,2025-08-16,SCH0496,True,True,True,False,True,Deepa Mahal,Needs repair,False
INSP00975,2025-05-26,SCH0464,False,True,True,True,True,Gaurika Ranganathan,Good condition,False
INSP02912,2025-11-24,SCH0404,False,True,True,True,True,Veer Narayanan,Needs repair,False
INSP00984,2025-10-14,SCH0114,UNKNOWN,True,False,True,False,,Needs repair,True
INSP02014,2025-04-28,SCH0409,False,True,True,True,UNKNOWN,Kiaan Vaidya,Average,False
INSP02120,2025-07-26,SCH0457,True,True,True,False,False,Victor Subramaniam,Needs repair,False
INSP01419,2026-02-17,SCH0280,False,True,True,True,False,Joshua Korpal,Needs repair,False
INSP01285,2026-03-30,SCH0291,True,False,True,True,False,Yutika Behl,Average,False
INSP02162,2025-07-10,SCH0001,True,True,True,False,False,Imaran Iyengar,No remarks,False
INSP00040,2025-04-18,SCH0180,True,True,True,UNKNOWN,True,Xavier Manda,Needs repair,False
INSP01487,2025-05-18,SCH0280,True,True,True,True,True,,,True
INSP01992,2025-09-06,SCH0382,True,True,True,True,False,Indali Gandhi,No remarks,False
INSP00170,2025-07-04,SCH0102,True,True,True,True,True,Ekani Kaul,Good condition,False
INSP01356,2025-05-18,SCH0017,True,True,False,False,UNKNOWN,Dipta Kapoor,,False
INSP00738,2025-08-28,SCH0497,False,True,True,True,False,,Good condition,True
INSP01737,2025-05-10,SCH0181,True,True,True,True,False,,,True
INSP02839,2026-02-11,SCH0511,True,True,True,True,True,Rudra Memon,,False
INSP01565,2025-05-26,SCH0533,True,False,True,UNKNOWN,True,,Average,True
INSP02088,2026-05-03,SCH0087,True,True,True,True,True,Rachana Wali,Toilets locked,False
INSP00635,2025-10-30,SCH0523,True,True,False,True,False,,,True
INSP02785,2025-07-04,SCH0067,True,False,True,True,False,Yatin Dara,Average,False
INSP02090,2025-07-24,SCH0491,UNKNOWN,True,True,UNKNOWN,False,Jonathan Iyer,Toilets locked,False
INSP01641,2026-01-26,SCH0430,True,True,False,False,True,Darpan Ganesh,Good condition,False
INSP01291,2026-03-29,SCH0163,UNKNOWN,True,False,True,True,Sachi Mahal,,False
INSP02461,2026-04-03,SCH0435,True,True,False,False,UNKNOWN,Adya Date,No remarks,False
INSP01381,2026-02-13,SCH0460,True,True,False,False,False,Ishaan Sharaf,Good condition,False
INSP00580,2025-04-15,SCH0164,False,True,False,False,False,Nathan Dhar,Good condition,False
INSP00329,2025-12-23,SCH0294,True,True,True,True,False,Simon Koshy,No remarks,False
INSP01833,2025-05-17,SCH0252,True,True,True,False,True,Nirja Bhardwaj,Toilets locked,False
INSP00893,2025-09-02,SCH0062,False,False,True,True,True,Vaishnavi Setty,Toilets locked,False
INSP01144,2025-07-11,SCH0112,False,True,False,True,False,Utkarsh Mallick,Toilets locked,False
INSP00781,2025-09-05,SCH0441,False,False,True,True,True,Samaksh Shukla,No remarks,False
INSP00160,2026-01-01,SCH0200,False,False,True,True,False,Nidra Hayer,No remarks,False
INSP01731,2025-06-22,SCH0149,True,True,True,False,True,Ishani Goel,Toilets locked,False
INSP01930,2025-12-30,SCH0396,True,False,True,False,UNKNOWN,Madhavi Bassi,Good condition,False
INSP02448,2025-07-28,SCH0445,True,True,True,False,False,,No remarks,True
INSP00062,2026-02-04,SCH0502,True,True,False,False,False,Abhiram Gandhi,,False
INSP00850,2025-07-03,SCH0055,True,False,True,True,False,Niharika Kannan,Toilets locked,False
INSP02246,2025-06-21,SCH0081,True,True,True,True,False,Upadhriti Chada,Toilets locked,False
INSP01597,2026-10-01,SCH0326,True,UNKNOWN,False,True,False,Aashi Bassi,Toilets locked,False
INSP01044,2026-03-16,SCH0066,True,True,True,True,True,Chandresh Varghese,Toilets locked,False
INSP02984,2025-05-15,SCH0311,True,True,True,True,True,Bishakha Sood,No remarks,False
INSP01545,2025-10-24,SCH0116,False,True,True,False,False,Rayaan Chauhan,Average,False
INSP02100,2025-08-05,SCH0194,True,True,True,False,False,Priya Tank,Needs repair,False
INSP01071,2025-05-25,SCH0456,True,True,False,True,True,Daniel Oak,No remarks,False
INSP00054,2025-12-04,SCH0271,True,True,True,True,False,,Toilets locked,True
INSP02672,2025-10-29,SCH0229,UNKNOWN,True,True,True,True,Ekani Devi,Needs repair,False
INSP00259,2025-10-28,SCH0392,True,True,True,False,False,Baghyawati Mani,Toilets locked,False
INSP00506,2026-01-21,SCH0207,True,True,True,UNKNOWN,UNKNOWN,Vansha Chaudhary,Toilets locked,False
INSP00753,2025-09-19,SCH0109,True,True,True,False,True,Mahika Sabharwal,Needs repair,False
INSP02402,2026-03-30,SCH0033,True,True,True,UNKNOWN,False,Indrajit Sarma,Needs repair,False
INSP00218,2025-04-19,SCH0457,True,True,True,True,True,Tanvi Ramakrishnan,Good condition,False
INSP00825,2025-10-19,SCH0152,True,True,False,True,False,Qabil Khanna,Average,False
INSP01962,2026-02-01,SCH0172,True,True,UNKNOWN,False,False,Chatura Bassi,Toilets locked,False
INSP02397,2025-05-15,SCH0095,True,True,True,UNKNOWN,False,Kamya Virk,Average,False
INSP01390,2025-06-20,SCH0390,True,True,False,True,False,Inaya Grewal,Good condition,False
INSP02633,2025-08-05,SCH0174,UNKNOWN,True,True,False,True,Champak Chander,Average,False
INSP01267,2025-09-10,SCH0343,True,True,True,True,True,Amrita Buch,Toilets locked,False
INSP02594,2025-06-24,SCH0107,True,True,True,True,False,Daksh Oza,No remarks,False
INSP01910,2025-04-05,SCH0439,True,False,True,False,False,Baljiwan Kunda,Good condition,False
INSP01599,2026-02-18,SCH0303,True,True,True,False,True,Balvan Naik,Needs repair,False
INSP02160,2025-05-07,SCH0594,True,True,True,False,False,Vrishti Dhaliwal,Toilets locked,False
INSP01608,2025-09-05,SCH0367,True,False,True,True,False,Bakhshi Sani,,False
INSP01830,2025-09-11,SCH0390,UNKNOWN,True,True,UNKNOWN,True,Yauvani Mani,Average,False
INSP00772,2025-12-12,SCH0104,True,True,True,UNKNOWN,True,Finn Bath,Good condition,False
INSP02945,2025-11-11,SCH0551,False,UNKNOWN,True,False,False,Aayush Vora,Toilets locked,False
INSP01961,2025-08-01,SCH0007,True,True,True,True,False,,No remarks,True
INSP02823,2025-07-29,SCH0587,True,True,False,True,False,Kashvi Sarin,Toilets locked,False
INSP01086,2025-11-19,SCH0383,True,True,True,UNKNOWN,False,Meera Narain,,False
INSP02250,2025-08-27,SCH0023,True,UNKNOWN,True,True,False,Jagvi Bhardwaj,,False
INSP02347,2026-02-14,SCH0556,True,True,True,True,True,Aadhya Ramanathan,Good condition,False
INSP01326,2025-05-19,SCH0360,UNKNOWN,True,True,False,False,Vihaan Soman,Needs repair,False
INSP02235,2026-01-18,SCH0014,True,UNKNOWN,True,False,False,,No remarks,True
INSP01742,2026-09-03,SCH0501,True,True,True,False,True,Ojasvi Nigam,Average,False
INSP01913,2025-08-09,SCH0553,True,True,True,True,False,,No remarks,True
INSP02363,2026-03-26,SCH0076,True,True,True,False,True,Azaan Rastogi,Needs repair,False
INSP01404,2025-09-23,SCH0083,True,True,UNKNOWN,True,True,Warinder Kari,Good condition,False
INSP02994,2025-12-18,SCH0150,True,True,False,False,True,Rachana Seth,Needs repair,False
INSP02366,2025-05-09,SCH0436,False,True,True,False,False,Xiti Sandhu,Toilets locked,False
INSP01914,2025-11-22,SCH0444,True,False,False,False,False,Zashil Bora,,False
INSP01164,2025-05-10,SCH0456,True,True,True,False,False,Finn Jhaveri,No remarks,False
INSP00964,2025-10-04,SCH0430,True,UNKNOWN,True,True,False,Chakradev Loke,Toilets locked,False
INSP02564,2025-09-28,SCH0114,UNKNOWN,True,True,True,False,Bahadurjit Ben,,False
INSP00399,2025-05-15,SCH0555,False,True,True,True,False,Jonathan Sharma,Toilets locked,False
INSP00585,2026-03-02,SCH0495,False,True,True,False,True,Agastya Varma,Toilets locked,False
INSP00949,2025-01-11,SCH0136,True,True,True,True,True,Parth Wagle,Good condition,False
INSP00705,2025-12-05,SCH0266,True,True,True,True,False,Kiaan Date,No remarks,False
INSP00432,2026-01-28,SCH0254,True,True,True,True,False,Max Bath,Good condition,False
INSP01689,2025-04-27,SCH0130,True,False,True,False,True,Libni Agarwal,No remarks,False
INSP00293,2025-08-23,SCH0064,True,True,True,True,True,Warinder Sachar,Needs repair,False
INSP00146,2025-07-07,SCH0518,True,True,False,False,False,Xiti Rege,Toilets locked,False
INSP00324,2026-01-22,SCH0564,True,True,False,True,False,Max Garg,Needs repair,False
INSP02723,2025-07-05,SCH0103,True,True,True,True,False,Theodore Sidhu,Needs repair,False
INSP02224,2025-11-07,SCH0536,True,True,True,True,False,Amrita Raju,,False
INSP01166,2025-07-16,SCH0067,True,False,True,True,True,,Toilets locked,True
INSP01453,2025-04-17,SCH0029,True,True,False,True,False,Nathan Shenoy,Needs repair,False
INSP00003,2025-06-04,SCH0568,UNKNOWN,False,True,True,False,Azad Pingle,Good condition,False
INSP01713,2025-12-11,SCH0300,True,True,True,True,True,Kritika Wason,Toilets locked,False
INSP00577,2026-02-25,SCH0536,False,True,True,True,UNKNOWN,Krish Manda,No remarks,False
INSP02424,2025-12-10,SCH0296,False,True,False,True,False,Ekaja Madan,Needs repair,False
INSP00340,2026-01-10,SCH0300,True,False,True,True,True,Neha Devi,Average,False
INSP02903,2025-11-18,SCH0450,True,True,True,True,True,Yug Nair,Average,False
INSP02479,2025-02-05,SCH0326,True,True,True,False,UNKNOWN,Upadhriti Chander,No remarks,False
INSP00926,2025-04-16,SCH0403,True,True,True,True,True,Yadavi Madan,Needs repair,False
INSP00266,2025-04-12,SCH0237,True,True,True,False,False,Manthan Bal,Good condition,False
INSP00377,2025-10-29,SCH0050,True,False,False,False,False,,No remarks,True
INSP02469,2025-09-25,SCH0037,UNKNOWN,True,False,True,False,Anamika Kunda,Average,False
INSP01464,2025-11-11,SCH0070,True,True,True,True,True,Dakshesh Memon,Good condition,False
INSP00272,2025-10-25,SCH0239,True,True,True,False,True,Jasmit Sampath,No remarks,False
INSP00697,2026-01-21,SCH0010,True,True,False,True,False,Parth Natt,No remarks,False
INSP00245,2026-02-22,SCH0474,True,True,False,False,False,Rudra Jha,Good condition,False
INSP02956,2025-10-15,SCH0368,True,True,False,True,False,Quincy Bath,No remarks,False
INSP00477,2025-05-26,SCH0505,False,True,True,True,UNKNOWN,Manya Mani,Toilets locked,False
INSP02011,2025-07-05,SCH0120,True,True,True,True,True,Varsha Gupta,Average,False
INSP01922,2025-02-06,SCH0228,True,True,True,True,True,,Needs repair,True
INSP00814,2026-06-03,SCH0221,True,UNKNOWN,True,True,True,Ayushman Parmar,Good condition,False
INSP01872,2025-10-06,SCH0184,True,True,True,False,True,Ekanta Bose,Needs repair,False
INSP02669,2026-01-11,SCH0505,False,False,True,True,False,Harinakshi Contractor,Good condition,False
INSP02926,2025-09-25,SCH0064,False,True,True,True,True,,Needs repair,True
INSP01165,2025-08-21,SCH0463,False,True,True,False,True,,Toilets locked,True
INSP02289,2026-03-25,SCH0210,True,True,True,True,True,Chandresh Mahal,Needs repair,False
INSP00251,2025-04-09,SCH0554,True,True,False,True,True,Laban Saini,Toilets locked,False
INSP00414,2026-03-17,SCH0401,True,True,True,False,False,Ekapad Sibal,Toilets locked,False
INSP00546,2025-06-09,SCH0219,True,True,True,UNKNOWN,False,,Good condition,True
INSP01194,2025-07-21,SCH0231,True,True,False,True,True,Pranav Sagar,Average,False
INSP00739,2025-04-12,SCH0583,False,True,True,True,True,Sai Issac,Good condition,False
INSP00311,2025-11-22,SCH0143,False,True,True,True,True,Divya Sankaran,,False
INSP00894,2025-10-14,SCH0347,True,True,True,False,True,Sarthak Dey,Good condition,False
INSP01132,2025-10-22,SCH0317,True,True,True,True,False,Akshay Magar,Average,False
INSP01450,2025-07-12,SCH0147,True,True,False,False,False,Lakshmi Mandal,Needs repair,False
INSP00016,2025-05-16,SCH0028,True,True,True,True,True,Nidhi Kadakia,Good condition,False
INSP02109,2025-07-21,SCH0122,True,UNKNOWN,True,False,True,Nirja Bassi,Toilets locked,False
INSP00722,2025-09-06,SCH0212,True,True,True,True,True,,Needs repair,True
INSP01421,2025-04-08,SCH0352,True,False,True,False,False,Diya Guha,Average,False
INSP02770,2026-01-14,SCH0119,True,True,True,False,False,Yamini Agate,Toilets locked,False
INSP00982,2025-07-31,SCH0128,False,UNKNOWN,True,False,False,Aarini Atwal,No remarks,False
INSP02219,2025-05-23,SCH0159,True,True,True,False,True,Ekbal Bakshi,Average,False
INSP01540,2025-07-21,SCH0559,UNKNOWN,True,False,True,True,Faqid Kapur,Needs repair,False
INSP02662,2026-03-02,SCH0122,True,True,True,False,False,Janya Joshi,Needs repair,False
INSP01551,2025-06-20,SCH0096,False,True,True,False,True,Ekavir Mallick,Needs repair,False
INSP02548,2025-05-31,SCH0033,False,True,False,True,True,Odika Nori,,False
INSP00364,2025-10-22,SCH0100,True,True,True,True,True,Aachal Toor,No remarks,False
INSP00983,2026-01-26,SCH0584,True,True,True,True,False,Ridhi Pathak,Toilets locked,False
INSP00183,2025-04-01,SCH0257,True,True,True,False,True,Meghana Chowdhury,,False
INSP00986,2025-10-28,SCH0122,UNKNOWN,UNKNOWN,True,False,False,Yatan Prabhu,Needs repair,False
INSP01195,2026-03-26,SCH0070,True,True,True,True,False,Yashasvi Ahluwalia,Good condition,False
INSP01974,2025-10-14,SCH0275,True,True,UNKNOWN,False,True,Bahadurjit Mallick,Average,False
INSP01870,2025-07-23,SCH0173,True,True,True,False,False,,No remarks,True
INSP01122,2025-05-12,SCH0157,True,True,False,False,False,,Good condition,True
INSP00188,2025-04-18,SCH0509,True,True,True,False,False,Ekansh Dayal,No remarks,False
INSP00620,2025-06-18,SCH0368,True,True,True,False,False,Timothy Balasubramanian,Toilets locked,False
INSP02899,2025-02-05,SCH0154,False,True,True,True,False,Urvashi Barad,,False
INSP01176,2025-06-13,SCH0345,False,True,True,True,True,Yug Parsa,,False
INSP01183,2025-09-03,SCH0133,True,True,True,True,True,Zilmil Doshi,Average,False
INSP02508,2025-04-19,SCH0566,True,True,True,UNKNOWN,False,Tanay Sahota,No remarks,False
INSP02320,2025-11-10,SCH0277,False,True,True,True,True,Ati Sama,Good condition,False
INSP00615,2025-07-20,SCH0372,True,True,True,UNKNOWN,True,Nandini Golla,Good condition,False
INSP01514,2025-10-09,SCH0402,False,True,True,False,True,Vivaan Bhattacharyya,Average,False
INSP01467,2025-12-28,SCH0368,True,UNKNOWN,True,True,False,,Average,True
INSP00402,2025-08-31,SCH0357,True,True,True,True,False,Siddharth Sethi,Average,False
INSP00995,2026-01-14,SCH0031,True,False,True,False,False,Rajata Dhaliwal,Toilets locked,False
INSP00935,2026-02-22,SCH0364,False,False,True,True,True,Ronith Gole,Average,False
INSP00372,2025-05-24,SCH0315,True,True,True,True,False,,Needs repair,True
INSP02091,2025-06-13,SCH0199,True,True,True,False,False,,No remarks,True
INSP02284,2025-08-04,SCH0556,True,True,True,False,True,Samesh Gulati,Good condition,False
INSP00594,2026-03-20,SCH0203,True,True,True,True,True,Raghav Chaudhuri,Toilets locked,False
INSP02829,2025-07-12,SCH0491,True,False,True,True,False,Januja Pal,,False
INSP00727,2025-11-09,SCH0022,True,True,True,True,True,Unni Sama,No remarks,False
INSP00827,2025-06-29,SCH0080,UNKNOWN,True,True,False,True,Aditya Vyas,No remarks,False
INSP01869,2025-09-01,SCH0394,True,True,UNKNOWN,UNKNOWN,True,Yash Nadig,Needs repair,False
INSP00688,2025-12-19,SCH0141,True,True,True,False,False,Rayaan Sundaram,No remarks,False
INSP02335,2025-10-26,SCH0107,True,True,True,True,False,Faqid Amble,Average,False
INSP00137,2025-04-17,SCH0237,True,True,False,True,False,Leela Mangal,Toilets locked,False
INSP02577,2026-03-01,SCH0184,True,True,True,False,True,,Average,True
INSP00629,2026-02-26,SCH0035,True,True,True,True,False,,Good condition,True
INSP00335,2026-03-29,SCH0248,False,True,False,True,False,Christopher Yadav,Good condition,False
INSP01806,2025-11-24,SCH0102,True,False,True,True,True,Aadhya Lad,Toilets locked,False
INSP00391,2025-08-16,SCH0600,False,True,True,True,False,Forum Shetty,No remarks,False
INSP02934,2026-03-14,SCH0535,True,True,False,False,False,,Average,True
INSP01110,2025-07-20,SCH0391,True,True,True,False,False,Adya Gara,Good condition,False
INSP01938,2025-12-20,SCH0150,True,True,True,False,False,Arin Nagi,,False
INSP02838,2025-07-12,SCH0170,False,True,UNKNOWN,False,False,Divya Bhalla,Needs repair,False
INSP00711,2025-12-26,SCH0513,True,False,True,True,False,,Average,True
INSP01040,2025-08-27,SCH0348,True,True,True,True,True,,Toilets locked,True
INSP02072,2025-06-26,SCH0032,True,True,True,False,True,Warjas Doshi,Good condition,False
INSP02874,2025-07-24,SCH0443,True,True,True,False,False,Bhavika Om,Toilets locked,False
INSP02729,2025-09-25,SCH0355,True,True,True,UNKNOWN,False,Ganga Shere,Toilets locked,False
INSP01562,2025-08-04,SCH0372,True,True,False,False,UNKNOWN,Pooja Gill,Toilets locked,False
INSP02898,2025-11-25,SCH0095,True,False,True,False,False,Max Dewan,Good condition,False
INSP01595,2025-07-26,SCH0538,UNKNOWN,True,True,True,UNKNOWN,Ira Bala,Good condition,False
INSP02991,2025-11-23,SCH0205,True,UNKNOWN,False,False,True,Avi Vig,No remarks,False
INSP02652,2025-04-22,SCH0019,True,False,True,True,True,Ayush Mangat,,False
INSP01113,2025-07-17,SCH0319,True,True,True,True,UNKNOWN,,Toilets locked,True
INSP00466,2026-01-16,SCH0397,True,True,UNKNOWN,True,True,Ojas Behl,,False
INSP01561,2025-01-05,SCH0306,False,True,True,False,False,Gautam Sahota,Needs repair,False
INSP01224,2026-02-18,SCH0144,True,True,False,True,False,Forum Minhas,,False
INSP02111,2025-04-15,SCH0214,UNKNOWN,True,True,True,True,Radha Prabhu,,False
INSP02472,2025-12-02,SCH0430,True,True,False,True,True,Wakeeta Dey,,False
INSP01509,2025-10-15,SCH0292,True,False,True,False,True,,Good condition,True
INSP02716,2026-01-09,SCH0120,True,True,True,False,UNKNOWN,,No remarks,True
INSP01105,2025-05-06,SCH0153,True,False,True,True,True,Dalbir Sur,Average,False
INSP00661,2025-08-28,SCH0276,True,True,True,False,True,Bhavika Venkataraman,Good condition,False
INSP00339,2025-08-15,SCH0493,False,True,True,True,False,Maanav Luthra,No remarks,False
INSP00216,2025-08-03,SCH0545,UNKNOWN,False,False,True,False,Mohammed Varghese,,False
INSP01616,2025-09-06,SCH0081,True,False,True,False,True,Nisha Wason,,False
INSP01342,2026-03-31,SCH0330,True,True,True,True,False,Jatin Date,,False
INSP02646,2025-09-06,SCH0226,False,True,True,False,False,Chaman Maharaj,Average,False
INSP02965,2025-07-21,SCH0460,True,True,True,False,False,Jagdish Bakshi,Toilets locked,False
INSP02947,2025-08-27,SCH0146,False,True,True,True,False,Charles Balasubramanian,,False
INSP01847,2025-10-07,SCH0469,True,True,True,False,True,Quincy Pau,,False
INSP01593,2025-10-05,SCH0436,True,True,False,True,False,Janaki Jhaveri,Toilets locked,False
INSP02047,2025-04-19,SCH0114,True,UNKNOWN,True,UNKNOWN,True,Aryan Sachdeva,Good condition,False
INSP02654,2025-07-04,SCH0489,True,True,True,False,True,Hardik Bhatia,Good condition,False
INSP00817,2025-06-07,SCH0301,False,True,True,True,True,Ayushman Viswanathan,No remarks,False
INSP01068,2025-08-13,SCH0086,True,True,True,UNKNOWN,True,Balveer Jhaveri,,False
INSP02139,2026-04-03,SCH0067,True,True,UNKNOWN,False,True,Widisha Badal,Good condition,False
INSP00275,2026-02-06,SCH0351,False,True,True,True,True,Advik Baria,,False
INSP02367,2025-05-23,SCH0095,True,True,False,True,True,Alka Comar,Needs repair,False
INSP00866,2026-01-05,SCH0103,False,True,True,True,True,Zehaan Nigam,Needs repair,False
INSP00102,2025-12-08,SCH0332,True,True,True,True,True,Jalsa Kumer,Needs repair,False
INSP01502,2025-12-01,SCH0258,True,True,True,False,True,Arunima Ramakrishnan,Good condition,False
INSP02938,2026-03-11,SCH0014,True,True,True,False,False,Nidra Barad,Toilets locked,False
INSP00172,2025-01-04,SCH0334,False,True,True,False,False,Ria Palla,,False
INSP00108,2025-07-07,SCH0568,True,True,UNKNOWN,True,False,Januja Patla,Good condition,False
INSP02217,2025-05-01,SCH0552,True,True,True,UNKNOWN,False,Girik Prashad,Toilets locked,False
INSP01522,2025-11-11,SCH0384,True,True,True,True,False,Amol Khalsa,,False
INSP01827,2025-09-08,SCH0231,False,True,True,False,True,Omaja Bhatnagar,Average,False
INSP02322,2026-03-24,SCH0304,True,True,True,False,False,Nathan Pathak,Needs repair,False
INSP01968,2025-05-12,SCH0096,True,True,False,True,True,Upma Kulkarni,Needs repair,False
INSP02416,2025-09-03,SCH0285,True,True,False,True,False,Varsha Manda,Toilets locked,False
INSP02121,2025-07-27,SCH0414,True,False,True,True,False,Ayush Deo,No remarks,False
INSP02374,2025-05-17,SCH0485,False,True,False,True,True,Anirudh Korpal,Average,False
INSP02464,2025-08-29,SCH0273,False,True,True,True,True,Baghyawati Sen,Needs repair,False
INSP02708,2025-05-26,SCH0014,False,True,False,False,UNKNOWN,Ishanvi Viswanathan,Toilets locked,False
INSP01963,2026-03-20,SCH0429,True,True,False,True,False,Eshana Singh,No remarks,False
INSP00296,2026-01-05,SCH0300,True,True,False,UNKNOWN,True,Jason Randhawa,,False
INSP00713,2026-04-01,SCH0059,UNKNOWN,False,False,True,True,Viraj Mitra,Needs repair,False
INSP00073,2025-11-06,SCH0560,False,True,True,UNKNOWN,True,Ishanvi Mander,Average,False
INSP01525,2025-05-13,SCH0353,True,False,True,False,True,Timothy Borra,Average,False
INSP02393,2026-02-06,SCH0328,False,True,True,False,True,Orinder Subramanian,Toilets locked,False
INSP02980,2025-12-21,SCH0481,False,False,True,True,True,Prisha Kaur,Good condition,False
INSP00482,2026-12-02,SCH0092,True,True,True,False,True,Tejas Maharaj,Good condition,False
INSP02338,2025-05-21,SCH0542,True,True,True,True,True,Mason Bhavsar,Needs repair,False
INSP01531,2025-12-04,SCH0509,False,True,UNKNOWN,False,True,Saksham Bera,No remarks,False
INSP02686,2025-04-20,SCH0243,False,True,True,True,False,Vedant Som,Needs repair,False
INSP01873,2026-03-08,SCH0165,True,True,True,True,True,,Good condition,True
INSP01515,2025-07-11,SCH0029,False,True,True,False,True,Omkaar Krishnan,Average,False
INSP01491,2025-11-12,SCH0230,UNKNOWN,False,True,False,True,Harsh Sagar,No remarks,False
INSP01172,2025-11-19,SCH0151,True,True,True,False,True,Samaksh Sidhu,Good condition,False
INSP02580,2025-07-01,SCH0546,True,UNKNOWN,True,True,True,Ayushman Sahota,No remarks,False
INSP02038,2025-04-08,SCH0428,False,True,True,UNKNOWN,False,Zaitra Rege,Needs repair,False
INSP02673,2025-06-14,SCH0214,True,True,True,False,True,Laksh Babu,Good condition,False
INSP02185,2025-05-29,SCH0186,False,False,False,UNKNOWN,True,Timothy Ganguly,,False
INSP02336,2025-10-16,SCH0443,True,True,False,False,False,Lucky Natt,Toilets locked,False
INSP02395,2025-11-13,SCH0141,True,True,True,False,False,Madhavi Ben,,False
INSP00406,2025-07-16,SCH0367,False,True,True,True,True,Vedika Sodhi,Average,False
INSP00758,2025-12-10,SCH0034,True,True,True,UNKNOWN,False,Inaya Barman,Toilets locked,False
INSP02115,2025-11-10,SCH0381,False,True,False,True,True,Meghana Sama,Average,False
INSP02303,2025-09-24,SCH0334,True,True,True,True,True,Vyanjana Tandon,Good condition,False
INSP00098,2025-09-14,SCH0520,UNKNOWN,False,True,True,False,Mitesh Mahajan,No remarks,False
INSP01334,2026-01-24,SCH0260,True,True,False,UNKNOWN,False,Amruta Talwar,Needs repair,False
INSP02513,2025-05-11,SCH0468,False,True,False,True,False,,No remarks,True
INSP00744,2025-06-28,SCH0268,False,True,True,False,False,,Needs repair,True
INSP00807,2025-08-20,SCH0131,True,True,False,UNKNOWN,False,Hiral Bhattacharyya,No remarks,False
INSP02911,2025-11-28,SCH0153,True,True,UNKNOWN,UNKNOWN,True,Qushi Gulati,Needs repair,False
INSP02079,2025-08-13,SCH0212,True,True,False,False,True,Vasana Kaul,No remarks,False
INSP02630,2025-07-01,SCH0490,True,True,True,True,True,Dayita Choudhry,Toilets locked,False
INSP01536,2025-06-04,SCH0474,True,True,False,True,False,Nandini Parikh,Needs repair,False
INSP02308,2026-09-01,SCH0486,False,True,UNKNOWN,True,False,Ekansh Natarajan,Average,False
INSP02267,2025-05-15,SCH0347,True,True,True,UNKNOWN,True,Thomas Lala,Toilets locked,False
INSP02467,2026-02-13,SCH0435,True,True,True,False,True,Faris Parmar,,False
INSP00149,2025-07-08,SCH0465,True,True,True,False,False,Azaan Sani,Needs repair,False
INSP01978,2025-10-26,SCH0311,False,True,False,True,True,Mugdha Badami,Average,False
INSP02163,2025-10-10,SCH0043,True,True,True,UNKNOWN,True,Ayaan Solanki,Good condition,False
INSP02304,2025-08-31,SCH0539,True,True,True,True,False,Shivansh Loke,Toilets locked,False
INSP01316,2026-03-17,SCH0293,False,True,True,True,False,Ranveer Dutt,No remarks,False
INSP00693,2026-10-03,SCH0102,True,True,False,UNKNOWN,False,,Toilets locked,True
INSP00819,2025-08-24,SCH0058,True,True,False,UNKNOWN,True,Harrison Shah,Good condition,False
INSP01729,2026-01-03,SCH0354,True,False,True,False,False,Ojasvi Venkataraman,,False
INSP01387,2026-02-21,SCH0566,False,False,True,True,False,Samarth Narain,No remarks,False
INSP01846,2025-07-28,SCH0163,True,False,False,True,False,Ucchal Ramaswamy,No remarks,False
INSP02405,2026-01-24,SCH0559,False,True,False,True,True,Hemangini Garg,,False
INSP02430,2026-03-05,SCH0298,True,True,True,False,True,Liam Prabhakar,No remarks,False
INSP01600,2025-09-12,SCH0172,False,True,False,False,True,Radhika Oza,Toilets locked,False
INSP02485,2025-01-05,SCH0334,True,True,True,True,True,Eiravati Naidu,Good condition,False
INSP02585,2026-02-14,SCH0555,False,True,True,True,False,Benjamin Chatterjee,,False
INSP00702,2025-12-12,SCH0364,True,True,True,UNKNOWN,True,Abha Agarwal,,False
INSP01500,2026-03-19,SCH0094,True,True,True,False,True,Diya Parmer,Needs repair,False
INSP02794,2025-09-18,SCH0230,True,True,True,True,True,Akshay Pingle,Needs repair,False
INSP00922,2025-03-12,SCH0132,True,True,False,True,True,,Average,True
INSP01425,2025-08-21,SCH0409,True,True,UNKNOWN,True,True,Eiravati Mangal,,False
INSP01709,2026-03-08,SCH0270,True,False,UNKNOWN,True,True,Vasatika Sinha,,False
INSP00906,2025-12-27,SCH0033,UNKNOWN,True,True,True,True,Anvi Kant,Needs repair,False
INSP00455,2026-03-16,SCH0205,True,True,True,False,False,Ekansh Gulati,,False
INSP02471,2025-08-05,SCH0431,True,True,UNKNOWN,False,True,Ikshita Shroff,Needs repair,False
INSP02209,2025-11-13,SCH0193,False,True,True,False,UNKNOWN,Amara Sathe,Needs repair,False
INSP02656,2025-10-16,SCH0205,False,True,True,False,False,Andrew Nigam,Average,False
INSP02299,2025-08-16,SCH0449,True,False,True,False,True,Abhimanyu Om,Needs repair,False
INSP00168,2025-04-09,SCH0568,False,True,True,True,True,Ranveer Magar,Good condition,False
INSP00731,2025-11-05,SCH0371,True,UNKNOWN,True,False,True,Widisha Dalal,Toilets locked,False
INSP02277,2025-05-20,SCH0569,False,True,True,False,False,Yatin Magar,Needs repair,False
INSP01311,2025-05-08,SCH0145,False,True,True,False,False,Sudiksha Tank,Average,False
INSP02422,2025-09-30,SCH0188,False,True,True,True,False,Dayamai Luthra,No remarks,False
INSP00027,2025-08-11,SCH0023,True,True,True,False,True,,Toilets locked,True
INSP02098,2025-11-29,SCH0329,UNKNOWN,True,False,False,True,,,True
INSP01898,2025-12-23,SCH0418,True,True,True,True,False,Yahvi Divan,Needs repair,False
INSP01653,2026-03-07,SCH0346,True,True,True,False,True,Abha Raval,Average,False
INSP01623,2025-04-24,SCH0257,False,True,True,True,True,Rachit Rastogi,Toilets locked,False
INSP00588,2026-10-02,SCH0309,True,True,True,True,False,Dayita Mahal,,False
INSP01402,2025-04-26,SCH0262,True,True,True,False,True,Bhavna Chandra,,False
INSP00998,2026-02-23,SCH0040,True,True,True,True,False,Chanakya Kata,Good condition,False
INSP01177,2025-09-02,SCH0148,True,True,True,True,True,Triya Singh,Good condition,False
INSP01701,2025-12-14,SCH0256,False,True,True,False,False,Vasana Wagle,Toilets locked,False
INSP01041,2026-01-17,SCH0029,True,True,True,True,True,Devansh Chaudhary,No remarks,False
INSP00034,2025-04-13,SCH0403,True,True,True,True,False,Chanakya Baria,No remarks,False
INSP02410,2025-05-12,SCH0417,False,True,False,True,True,Harshil Mall,Toilets locked,False
INSP01380,2026-03-03,SCH0181,True,True,False,True,True,Udant Wali,Average,False
INSP00042,2026-02-23,SCH0196,True,True,True,True,False,Varenya Parmer,Toilets locked,False
INSP01877,2025-10-15,SCH0265,True,True,True,False,True,Raghav Doshi,No remarks,False
INSP02952,2025-11-06,SCH0393,True,True,True,True,True,Ishita Chokshi,Good condition,False
INSP02309,2025-08-11,SCH0142,True,True,True,True,False,Tanish Zacharia,No remarks,False
INSP02741,2025-07-24,SCH0302,True,True,True,False,False,Aryan Roy,Average,False
INSP02280,2025-12-07,SCH0226,True,True,True,True,False,Anita Parmar,Needs repair,False
INSP02019,2025-05-28,SCH0282,True,True,True,True,True,Samarth Deshpande,Toilets locked,False
INSP02000,2025-09-01,SCH0217,False,True,True,True,True,Triya Dhawan,,False
INSP00610,2025-06-08,SCH0062,True,True,True,False,True,Niharika Nori,Good condition,False
INSP01133,2025-05-13,SCH0489,True,False,True,True,False,Yug Halder,,False
INSP00029,2025-06-03,SCH0132,True,True,UNKNOWN,True,True,Arin Lall,Toilets locked,False
INSP00442,2025-09-01,SCH0564,True,True,True,False,True,Yamini Sridhar,Needs repair,False
INSP00666,2025-05-27,SCH0431,UNKNOWN,True,False,True,False,Nidra Kashyap,No remarks,False
INSP02993,2026-02-24,SCH0544,True,True,UNKNOWN,False,True,Advika Sehgal,No remarks,False
INSP00494,2026-01-10,SCH0537,True,False,True,UNKNOWN,False,Lucky Chauhan,Average,False
INSP01259,2025-05-24,SCH0338,True,True,True,True,False,Daksha Gupta,No remarks,False
INSP01302,2026-06-02,SCH0286,True,True,True,True,False,Priya Kala,Good condition,False
INSP02671,2025-10-28,SCH0489,True,True,True,True,True,Owen Dhaliwal,No remarks,False
INSP02489,2025-08-24,SCH0544,True,True,True,False,True,Oni Khurana,Needs repair,False
INSP01383,2025-12-01,SCH0133,True,False,True,UNKNOWN,False,Robert Bahri,No remarks,False
INSP01305,2025-08-15,SCH0402,UNKNOWN,True,True,UNKNOWN,False,Azad Prakash,Needs repair,False
INSP00237,2025-12-17,SCH0180,UNKNOWN,True,True,True,False,Ria Babu,Toilets locked,False
INSP01986,2025-12-03,SCH0115,False,True,True,True,True,Christopher Chakraborty,Average,False
INSP00552,2025-10-15,SCH0162,False,True,False,True,False,Adweta Gupta,Good condition,False
INSP00521,2025-04-13,SCH0018,True,True,True,False,False,,Average,True
INSP01233,2025-07-19,SCH0395,True,True,True,True,True,Chatresh Misra,Toilets locked,False
INSP01139,2025-04-20,SCH0376,True,UNKNOWN,True,False,False,Krish Hayer,Needs repair,False
INSP01906,2025-01-05,SCH0400,True,True,True,True,True,Eta Kanda,Needs repair,False
INSP00721,2025-10-04,SCH0009,False,False,False,True,False,Prisha Chandran,Good condition,False
INSP00736,2025-05-23,SCH0224,True,True,True,True,UNKNOWN,Gautam Kannan,Toilets locked,False
INSP03000,2025-09-08,SCH0349,False,True,True,False,True,Bimala Talwar,Needs repair,False
INSP01751,2025-11-06,SCH0234,True,True,True,True,True,Jonathan Setty,Good condition,False
INSP00059,2026-09-03,SCH0030,UNKNOWN,False,True,True,False,Janaki Bora,,False
INSP00632,2026-02-09,SCH0166,False,True,True,False,False,Aashi Srinivasan,,False
INSP01182,2026-05-02,SCH0368,True,True,True,False,False,Azad Kota,Needs repair,False
INSP02323,2025-03-04,SCH0176,True,True,True,False,False,,No remarks,True
INSP00593,2025-05-23,SCH0155,False,True,True,True,False,Vamakshi Deshpande,Needs repair,False
INSP01304,2025-07-20,SCH0176,True,True,True,True,True,Omya Shenoy,Toilets locked,False
INSP01388,2025-12-19,SCH0351,True,True,True,True,False,Aarav Sandhu,No remarks,False
INSP02751,2025-07-19,SCH0157,True,UNKNOWN,True,True,True,,Needs repair,True
INSP02767,2025-05-05,SCH0081,True,True,False,True,False,Finn Prashad,Needs repair,False
INSP02055,2025-06-03,SCH0241,True,True,True,True,False,Chaitaly Sandhu,Average,False
INSP02349,2025-05-17,SCH0221,True,True,True,True,False,Urmi Gole,Needs repair,False
INSP00940,2025-09-28,SCH0471,UNKNOWN,True,True,False,True,Unni Balay,Needs repair,False
INSP02931,2025-12-26,SCH0262,True,False,True,True,UNKNOWN,Christopher Dutt,Needs repair,False
INSP01250,2025-09-23,SCH0538,True,True,False,False,True,Edhitha Kata,,False
INSP00905,2026-02-14,SCH0417,False,True,True,True,False,Harrison Garg,No remarks,False
INSP02964,2026-01-11,SCH0145,True,True,False,True,False,Yauvani Bala,,False
INSP01280,2025-06-03,SCH0476,False,True,True,UNKNOWN,True,Sathvik Gade,Good condition,False
INSP02243,2025-06-08,SCH0279,True,False,True,False,True,Sanya Ben,,False
INSP02511,2025-09-19,SCH0490,False,False,True,True,False,Azad Nagarajan,Average,False
INSP02593,2026-01-29,SCH0452,True,True,True,True,False,,No remarks,True
INSP01143,2025-12-10,SCH0026,False,True,False,True,True,Gabriel Sankaran,Needs repair,False
INSP02628,2026-03-11,SCH0019,False,True,False,True,False,,No remarks,True
INSP00707,2025-05-24,SCH0558,True,True,True,True,False,Dominic Goda,Average,False
INSP02929,2025-05-09,SCH0302,True,True,True,True,False,Barkha Purohit,Good condition,False
INSP01023,2025-07-20,SCH0246,True,True,True,True,True,Balvan Gopal,Toilets locked,False
INSP00746,2026-03-03,SCH0565,True,True,True,False,True,Maanas Ray,Needs repair,False
INSP01547,2025-12-05,SCH0095,False,UNKNOWN,True,True,False,Harini Mohanty,Good condition,False
INSP01940,2025-08-30,SCH0526,False,False,True,False,True,Urvashi Prabhu,Needs repair,False
INSP02481,2025-09-21,SCH0466,False,True,UNKNOWN,False,False,,Average,True
INSP02155,2025-11-07,SCH0231,False,True,True,UNKNOWN,False,Abha Chandran,Toilets locked,False
INSP02824,2025-04-28,SCH0041,True,True,True,True,True,Jonathan Dutt,Toilets locked,False
INSP00514,2025-07-04,SCH0016,True,True,True,True,True,Arunima Dixit,No remarks,False
INSP00082,2025-09-24,SCH0579,True,False,True,False,True,,Needs repair,True
INSP02799,2025-10-22,SCH0084,True,False,False,False,True,Saumya Tata,,False
INSP01309,2025-09-25,SCH0584,True,True,True,False,True,Harshil Vasa,Toilets locked,False
INSP02625,2026-03-08,SCH0443,True,True,True,False,True,Warinder Din,Average,False
INSP00915,2026-03-13,SCH0034,True,True,True,True,False,Wahab Sehgal,Needs repair,False
INSP01405,2026-02-28,SCH0137,True,True,True,True,True,Kala Mukhopadhyay,Average,False
INSP01648,2025-05-07,SCH0169,True,True,True,True,False,Netra Soman,Average,False
INSP02901,2025-04-27,SCH0192,False,True,True,True,True,Theodore Toor,Average,False
INSP01109,2025-11-26,SCH0571,True,True,True,True,True,Urishilla Choudhury,,False
INSP00151,2025-04-06,SCH0094,True,True,True,True,False,Atharv Radhakrishnan,No remarks,False
INSP02866,2026-01-14,SCH0384,True,True,True,False,True,,Needs repair,True
INSP00775,2025-10-20,SCH0502,UNKNOWN,True,True,True,True,Garima Oak,Good condition,False
INSP00330,2025-10-10,SCH0376,False,True,True,True,False,Reva Bahl,Toilets locked,False
INSP00007,2025-05-13,SCH0243,True,True,True,UNKNOWN,False,,Needs repair,True
INSP02002,2026-03-17,SCH0175,False,True,True,True,False,Yutika Dugar,Good condition,False
INSP00944,2025-05-15,SCH0438,True,True,True,True,True,Chavvi Maharaj,Needs repair,False
INSP00823,2025-09-22,SCH0031,True,False,True,True,False,Mohini Vohra,Toilets locked,False
INSP00910,2025-08-29,SCH0553,True,True,False,False,False,Nitesh Pradhan,Needs repair,False
INSP00182,2025-08-30,SCH0322,False,True,False,True,True,Ekavir Gole,,False
INSP00165,2025-08-07,SCH0053,True,True,True,True,True,Varsha Chakraborty,Good condition,False
INSP01524,2025-04-23,SCH0225,False,True,True,True,True,Ekaraj Nigam,,False
INSP00452,2025-08-01,SCH0161,True,True,False,True,False,Panini Andra,,False
INSP01312,2025-01-11,SCH0276,True,True,False,False,True,Matthew Issac,Needs repair,False
INSP01112,2025-12-30,SCH0213,True,True,False,False,False,Barkha Venkatesh,No remarks,False
INSP01288,2026-01-12,SCH0360,False,True,True,True,True,Qushi Bains,,False
INSP00328,2025-11-10,SCH0567,False,True,True,False,False,Balvan Chakrabarti,Average,False
INSP01791,2025-04-09,SCH0541,False,True,UNKNOWN,False,False,Riya Kala,Toilets locked,False
INSP02793,2026-02-06,SCH0563,True,True,True,True,True,Nisha Madan,Average,False
INSP02008,2025-11-25,SCH0028,True,True,True,True,True,Qadim Sabharwal,Average,False
INSP01859,2025-08-03,SCH0487,UNKNOWN,True,True,False,True,Vansha Bhat,Needs repair,False
INSP00313,2025-08-04,SCH0396,True,True,True,False,True,David Mane,Needs repair,False
INSP00833,2025-12-13,SCH0326,True,True,False,True,False,Sanaya Varty,No remarks,False
INSP01202,2026-01-29,SCH0140,True,True,True,False,True,Pahal Rattan,Good condition,False
INSP02438,2025-04-07,SCH0237,False,True,True,True,True,Pranav Arya,Good condition,False
INSP02074,2026-01-14,SCH0405,UNKNOWN,True,False,True,UNKNOWN,Aarav Nazareth,No remarks,False
INSP02447,2026-03-09,SCH0003,True,True,True,UNKNOWN,True,Raghav Pradhan,Needs repair,False
INSP01482,2025-10-19,SCH0234,True,True,False,False,False,Vanya Vala,Good condition,False
INSP00778,2025-10-28,SCH0421,False,True,True,False,True,Advaith Ray,Toilets locked,False
INSP00800,2026-02-02,SCH0534,True,True,True,False,False,Manthan Dhawan,Toilets locked,False
INSP00055,2025-07-22,SCH0392,True,False,False,True,False,Indira Amble,Good condition,False
INSP01921,2026-02-28,SCH0395,False,True,True,True,UNKNOWN,Rachana Ganesh,No remarks,False
INSP02719,2026-03-10,SCH0233,True,True,True,True,True,,No remarks,True
INSP01702,2025-12-27,SCH0030,False,True,False,True,False,Tanvi Mital,,False
INSP02949,2025-11-12,SCH0573,True,True,True,True,True,Viraj Sule,Needs repair,False
INSP00988,2026-02-20,SCH0279,True,True,True,True,False,Zaitra Batra,,False
INSP02271,2026-03-28,SCH0513,True,False,False,True,True,Ekta Pillai,,False
INSP01395,2025-04-11,SCH0118,True,True,True,False,False,Tanay Shenoy,Average,False
INSP00769,2025-07-11,SCH0569,True,True,UNKNOWN,False,False,Mahika Bedi,Good condition,False
INSP02790,2025-12-01,SCH0578,UNKNOWN,True,True,True,UNKNOWN,Radha Ratta,No remarks,False
INSP00286,2026-03-28,SCH0503,False,True,True,False,True,Ubika Chanda,No remarks,False
INSP02775,2025-10-06,SCH0534,True,True,False,True,False,Chaitaly Halder,Average,False
INSP00429,2025-11-21,SCH0064,True,False,True,True,False,Zayyan Sura,No remarks,False
INSP02080,2026-03-11,SCH0401,False,False,True,True,False,Anmol Nayar,,False
INSP00723,2025-05-23,SCH0551,True,True,True,False,False,,Average,True
INSP00952,2025-05-26,SCH0132,False,True,True,True,True,Nicholas Kaul,Good condition,False
INSP00990,2025-06-25,SCH0386,True,True,False,False,False,Azaan Vyas,No remarks,False
INSP02935,2026-01-13,SCH0455,True,True,True,True,True,Upasna Sama,Average,False
INSP02882,2025-07-20,SCH0059,False,True,False,True,True,Christopher Agarwal,Good condition,False
INSP00327,2025-12-03,SCH0270,True,True,True,True,True,Nimrat Acharya,Average,False
INSP01384,2025-09-05,SCH0360,True,True,True,False,UNKNOWN,,Average,True
INSP01725,2025-07-12,SCH0351,True,True,True,True,False,Amaira Butala,,False
INSP01087,2025-05-30,SCH0276,True,False,True,UNKNOWN,True,Girish Sampath,Needs repair,False
INSP00342,2026-01-19,SCH0490,True,True,False,True,False,Rajata Bhardwaj,Average,False
INSP00148,2025-10-11,SCH0143,True,UNKNOWN,True,True,False,Dhriti Ray,,False
INSP02463,2025-04-20,SCH0258,False,UNKNOWN,True,UNKNOWN,False,Manbir Varghese,Average,False
INSP01108,2025-11-25,SCH0164,True,True,False,True,False,Imaran Gara,Needs repair,False
INSP00849,2025-05-26,SCH0151,True,True,True,False,True,Ayushman Ramachandran,No remarks,False
INSP00967,2026-01-17,SCH0117,True,True,False,True,False,,No remarks,True
INSP02592,2026-01-01,SCH0450,True,False,True,False,True,Sara Pandya,Good condition,False
INSP00662,2026-03-16,SCH0271,True,True,UNKNOWN,UNKNOWN,False,Chameli Bali,No remarks,False
INSP01003,2025-12-15,SCH0260,True,True,True,True,True,Saumya Toor,,False
INSP02465,2026-01-17,SCH0321,True,True,True,True,True,Faraj Nazareth,Average,False
INSP02648,2025-05-14,SCH0023,True,True,True,UNKNOWN,True,Falguni Barad,Needs repair,False
INSP02792,2025-05-06,SCH0235,True,True,False,True,True,Vansha Chokshi,Toilets locked,False
INSP01880,2026-01-18,SCH0509,True,True,True,False,UNKNOWN,Abhiram Pall,Average,False
INSP02960,2025-06-19,SCH0423,True,True,True,True,True,Nirja Sankaran,Needs repair,False
INSP01204,2025-06-08,SCH0543,True,UNKNOWN,False,True,False,Jagat Sandal,Average,False
INSP01991,2025-07-27,SCH0107,True,True,UNKNOWN,True,True,,Good condition,True
INSP00025,2025-01-12,SCH0038,True,True,True,False,False,Saksham Ganesan,Needs repair,False
INSP02953,2026-03-04,SCH0097,True,True,True,False,False,Darpan Natt,Good condition,False
INSP02207,2026-01-24,SCH0226,True,False,True,False,True,Rayaan Parsa,Toilets locked,False
INSP02189,2025-09-26,SCH0370,True,False,False,True,False,Jeevika Krishnan,,False
INSP02423,2026-01-16,SCH0394,True,True,True,True,True,Utkarsh Behl,Good condition,False
INSP00876,2026-01-13,SCH0218,True,True,True,True,True,Vasana Dyal,Average,False
INSP02834,2025-05-19,SCH0118,True,False,True,False,True,Mohammed Ramesh,Average,False
INSP00939,2025-10-16,SCH0251,True,True,True,True,UNKNOWN,Aadi Misra,Needs repair,False
INSP02638,2025-06-15,SCH0174,True,False,True,False,False,Leela Nath,Toilets locked,False
INSP00386,2025-04-16,SCH0114,True,True,False,False,True,Anthony Kamdar,Needs repair,False
INSP02418,2026-03-10,SCH0024,True,True,True,False,False,Rohan Ratta,Good condition,False
INSP02639,2026-03-26,SCH0071,True,True,True,True,False,Rishi Mitter,Toilets locked,False
INSP02316,2025-07-12,SCH0301,True,True,True,False,True,Jagat Bassi,,False
INSP02855,2025-11-16,SCH0108,UNKNOWN,True,True,False,True,Zarna Kade,Needs repair,False
INSP00937,2025-06-27,SCH0395,True,True,True,False,True,Harini Kale,Toilets locked,False
INSP02713,2025-10-14,SCH0427,True,True,True,UNKNOWN,False,Upadhriti Mall,No remarks,False
INSP01333,2025-06-28,SCH0210,False,True,True,True,False,Aarini Randhawa,Good condition,False
INSP01935,2025-10-10,SCH0545,True,True,True,False,True,Vyanjana De,Good condition,False
INSP00936,2026-02-20,SCH0215,True,True,True,True,False,Ethan Raval,,False
INSP00567,2025-04-02,SCH0526,True,True,True,False,True,Nilima Jha,Needs repair,False
INSP01855,2026-04-01,SCH0588,False,True,True,UNKNOWN,False,Chakradev Kalita,Needs repair,False
INSP02553,2026-02-25,SCH0402,True,True,True,False,False,Abhiram Ganesan,No remarks,False
INSP01646,2025-09-07,SCH0206,False,UNKNOWN,True,False,False,Gopal Basu,No remarks,False
INSP02234,2026-03-24,SCH0517,True,True,True,False,False,Samuel Dhawan,Needs repair,False
INSP01793,2025-04-13,SCH0050,True,True,False,True,False,Eesha Sha,Needs repair,False
INSP01431,2025-06-13,SCH0334,True,True,True,True,True,,No remarks,True
INSP02647,2025-10-18,SCH0563,True,False,False,True,True,Veda Khurana,Toilets locked,False
INSP01014,2025-11-28,SCH0497,False,True,True,True,False,Faqid Mishra,No remarks,False
INSP01929,2025-10-09,SCH0502,True,True,False,True,True,Meghana Barad,Needs repair,False
INSP02371,2025-12-02,SCH0586,True,True,False,True,False,Neel Sachdev,,False
INSP00127,2026-01-09,SCH0495,True,False,True,True,True,Triveni Tripathi,Toilets locked,False
INSP02811,2026-02-12,SCH0197,True,True,True,True,True,Nimrat Gupta,Average,False
INSP01348,2025-04-13,SCH0037,True,True,True,True,False,Bhavika Prakash,No remarks,False
INSP00356,2026-01-14,SCH0053,True,True,True,UNKNOWN,False,,Toilets locked,True
INSP00828,2025-07-04,SCH0493,True,True,True,False,True,Ishaan Parikh,Good condition,False
INSP01640,2026-03-24,SCH0033,True,True,True,True,True,,Toilets locked,True
INSP00985,2025-04-05,SCH0481,True,True,True,True,True,Baljiwan Balakrishnan,No remarks,False
INSP00363,2025-09-20,SCH0521,True,False,True,True,False,Raagini Wason,,False
INSP00346,2025-08-28,SCH0307,True,True,True,False,False,Chameli Gulati,Good condition,False
INSP02674,2025-07-03,SCH0539,True,True,True,True,UNKNOWN,Inaya Salvi,Good condition,False
INSP00712,2025-04-10,SCH0318,False,True,True,True,False,Deepa Rai,Average,False
INSP02173,2025-09-23,SCH0050,True,True,True,False,False,Kashish D’Alia,Toilets locked,False
INSP00011,2025-04-04,SCH0336,True,True,True,True,True,Sudiksha Johal,,False
INSP02542,2025-08-12,SCH0534,True,False,True,True,False,,Good condition,True
INSP02117,2026-01-02,SCH0097,True,True,True,True,False,Anmol Bhakta,Toilets locked,False
INSP01835,2025-05-12,SCH0081,True,True,True,True,False,Garima Rana,Toilets locked,False
INSP00794,2025-08-17,SCH0278,True,True,False,False,False,Benjamin Pai,Average,False
INSP02906,2025-07-05,SCH0385,False,True,True,False,False,Siya Dewan,Needs repair,False
INSP00095,2026-07-01,SCH0222,True,True,True,True,False,Chanakya Sodhi,No remarks,False
INSP00130,2025-04-28,SCH0329,True,True,True,True,False,Wishi Vasa,,False
INSP02361,2025-04-22,SCH0489,True,True,True,True,False,Xalak Hans,Average,False
INSP01901,2025-08-06,SCH0439,True,True,True,False,True,Kala Nadig,Needs repair,False
INSP02757,2025-11-29,SCH0372,True,True,True,True,True,Wakeeta Bawa,No remarks,False
INSP01933,2025-10-06,SCH0347,True,True,True,True,True,Nihal Salvi,Needs repair,False
INSP02264,2025-05-10,SCH0370,True,True,False,True,True,Manthan Pandey,Needs repair,False
INSP01866,2025-09-10,SCH0500,True,True,True,True,True,,Toilets locked,True
INSP01659,2025-11-27,SCH0107,UNKNOWN,True,False,False,False,,,True
INSP00517,2025-06-10,SCH0051,True,True,True,True,False,Zayyan Loyal,Average,False
INSP01858,2026-02-18,SCH0395,True,True,True,False,False,Eshana Manda,Average,False
INSP01278,2026-01-07,SCH0561,False,True,False,True,False,Waida Shankar,Needs repair,False
INSP00951,2025-07-09,SCH0323,False,True,True,True,False,Bina Shankar,Good condition,False
INSP01121,2025-01-11,SCH0225,True,True,True,False,True,,Toilets locked,True
INSP00420,2025-10-15,SCH0148,True,True,True,True,True,Januja Magar,Needs repair,False
INSP00923,2025-03-12,SCH0242,UNKNOWN,True,True,True,True,Omkaar Das,Good condition,False
INSP02319,2025-04-19,SCH0024,True,True,True,True,True,Azad Chokshi,Toilets locked,False
INSP00478,2025-08-08,SCH0410,True,True,True,False,False,,,True
INSP02036,2025-12-06,SCH0171,True,False,True,False,False,Manan Mohan,No remarks,False
INSP02296,2025-10-18,SCH0564,True,True,True,False,UNKNOWN,Garima Gera,Good condition,False
INSP01693,2025-09-20,SCH0243,True,True,True,False,False,Anjali Sandhu,Needs repair,False
INSP02821,2025-11-22,SCH0080,True,True,True,True,False,Vamakshi Guha,No remarks,False
INSP01472,2026-03-03,SCH0257,True,True,True,True,False,Tanvi Kala,Average,False
INSP01203,2025-09-17,SCH0208,True,True,True,False,True,Krish Agarwal,,False
INSP01670,2025-01-09,SCH0573,True,True,True,True,True,Eesha More,No remarks,False
INSP02917,2026-01-24,SCH0282,True,True,True,UNKNOWN,True,Kashvi Mahajan,Toilets locked,False
INSP01971,2025-07-05,SCH0008,True,True,True,False,False,,Toilets locked,True
INSP02152,2025-12-16,SCH0226,True,False,True,True,True,Samarth Subramaniam,Average,False
INSP00821,2025-06-20,SCH0303,UNKNOWN,True,True,False,False,Dayamai Kashyap,,False
INSP01998,2025-05-23,SCH0187,True,True,True,True,False,Imaran Sawhney,Average,False
INSP01249,2025-08-25,SCH0201,True,True,True,UNKNOWN,True,,Good condition,True
INSP02315,2026-01-13,SCH0303,True,True,False,False,False,Gagan Karan,Toilets locked,False
INSP02831,2025-05-19,SCH0183,UNKNOWN,UNKNOWN,True,True,False,Samar Sane,Needs repair,False
INSP02191,2026-01-02,SCH0514,True,True,True,True,False,Oliver Balay,,False
INSP02749,2025-10-18,SCH0209,True,UNKNOWN,True,True,True,Devansh Oak,Toilets locked,False
INSP01047,2025-09-30,SCH0226,True,True,True,True,UNKNOWN,Chandran Ramanathan,,False
INSP01889,2025-06-24,SCH0071,True,True,False,UNKNOWN,False,Harrison Dara,Average,False
INSP00616,2025-11-09,SCH0103,True,True,True,True,True,Chanakya Agate,Good condition,False
INSP01319,2025-05-15,SCH0281,True,True,UNKNOWN,UNKNOWN,True,Kala Kumer,No remarks,False
INSP02137,2026-03-16,SCH0123,True,True,True,UNKNOWN,True,Faris Barman,Needs repair,False
INSP02588,2026-03-06,SCH0215,True,True,True,False,False,,Average,True
INSP01773,2025-08-04,SCH0101,True,True,True,False,True,Rachit Virk,No remarks,False
INSP00132,2026-02-15,SCH0114,True,True,True,True,True,Benjamin Kari,Good condition,False
INSP00078,2025-04-26,SCH0434,True,True,True,True,False,Tarak Chokshi,No remarks,False
INSP02053,2026-01-10,SCH0449,True,True,True,True,False,Ekbal Kalita,No remarks,False
INSP00725,2025-01-05,SCH0209,False,True,True,False,True,Tanay Kumer,Average,False
INSP01315,2025-10-07,SCH0375,UNKNOWN,True,True,True,False,Jagat Thaker,No remarks,False
INSP01852,2025-05-30,SCH0465,True,True,True,True,False,Falak Gade,Average,False
INSP02420,2026-01-27,SCH0229,True,True,False,True,True,Samarth Chandran,No remarks,False
INSP02616,2026-01-16,SCH0470,True,True,False,False,True,Ayaan Bora,Good condition,False
INSP01373,2025-05-12,SCH0239,True,True,True,True,False,Upkaar Morar,Average,False
INSP01856,2025-08-25,SCH0473,True,UNKNOWN,True,True,False,Janaki Oza,Needs repair,False
INSP01320,2025-04-20,SCH0125,False,False,False,True,False,Isaac Yogi,,False
INSP02290,2025-04-10,SCH0521,True,True,True,True,True,Matthew Batta,Good condition,False
INSP00376,2025-08-05,SCH0132,True,UNKNOWN,True,UNKNOWN,True,Harish Khosla,Good condition,False
INSP01909,2025-09-29,SCH0093,False,False,False,True,True,Udarsh Shere,No remarks,False
INSP00334,2025-09-12,SCH0456,True,False,False,True,False,Aachal Barad,Good condition,False
INSP02375,2026-12-03,SCH0288,False,True,True,False,True,Umang Ray,,False
INSP02425,2026-01-11,SCH0560,True,True,False,True,False,Thomas Khurana,Toilets locked,False
INSP01605,2025-12-20,SCH0130,UNKNOWN,True,True,False,False,Aishani Chokshi,Needs repair,False
INSP01119,2025-10-03,SCH0547,False,True,UNKNOWN,False,False,Upadhriti Mallick,Good condition,False
INSP02971,2025-10-16,SCH0249,False,True,True,True,False,Aadi Shetty,Needs repair,False
INSP01944,2025-10-24,SCH0466,True,UNKNOWN,True,True,False,Tejas Bajaj,Average,False
INSP02385,2025-10-09,SCH0112,UNKNOWN,UNKNOWN,True,True,False,Widisha Lad,No remarks,False
INSP02653,2025-09-17,SCH0591,True,False,True,True,True,Ekaraj Pillay,Average,False
INSP01343,2025-05-13,SCH0565,True,True,True,UNKNOWN,False,,Needs repair,True
INSP00321,2025-10-20,SCH0407,False,True,False,False,True,Tamanna Om,,False
INSP01620,2025-08-31,SCH0170,True,False,False,True,False,Harsh Shankar,Toilets locked,False
INSP02574,2025-09-14,SCH0237,False,False,True,False,True,Brijesh Pandey,Average,False
INSP02061,2025-12-06,SCH0494,UNKNOWN,False,True,True,False,,Good condition,True
INSP02220,2026-03-18,SCH0477,True,True,True,False,False,Nihal Merchant,Toilets locked,False
INSP01674,2025-07-07,SCH0260,False,UNKNOWN,True,False,True,Charles Kala,Toilets locked,False
INSP01943,2026-05-01,SCH0457,True,True,True,False,False,Riya Ravi,Average,False
INSP00261,2025-07-09,SCH0508,True,True,True,False,True,Jai Rai,Toilets locked,False
INSP02478,2026-02-15,SCH0452,False,True,True,False,False,Arjun Andra,Average,False
INSP02040,2025-12-11,SCH0045,True,False,True,True,True,Noah Parmar,No remarks,False
INSP00690,2025-09-23,SCH0218,True,True,True,True,True,Anusha Kadakia,Average,False
INSP00902,2025-09-29,SCH0592,True,False,True,True,True,Manbir Sagar,No remarks,False
INSP02027,2025-06-06,SCH0355,False,True,True,False,True,Eiravati Bava,Good condition,False
INSP00139,2026-03-27,SCH0517,True,True,True,True,False,Brinda Krishna,Good condition,False
INSP01918,2025-07-27,SCH0025,False,True,False,True,True,Chatura Palla,Average,False
INSP01829,2025-12-28,SCH0558,True,False,True,True,True,,Good condition,True
INSP01574,2025-12-29,SCH0125,True,True,True,False,False,Hritik Tella,No remarks,False
INSP00320,2025-06-23,SCH0452,True,False,True,True,False,,,True
INSP00654,2025-11-28,SCH0506,True,True,False,True,False,Peter Jhaveri,,False
INSP02138,2025-04-18,SCH0461,True,True,True,True,True,Leela Basak,Average,False
INSP02586,2025-07-30,SCH0193,True,True,False,True,True,,No remarks,True
INSP00559,2025-10-26,SCH0133,UNKNOWN,UNKNOWN,True,True,True,Dayamai Andra,No remarks,False
INSP02188,2026-03-10,SCH0555,True,True,UNKNOWN,True,False,Rushil Chakrabarti,Average,False
INSP00113,2026-02-09,SCH0441,UNKNOWN,True,False,True,True,Neelima Ganguly,Good condition,False
INSP00532,2025-05-08,SCH0322,False,True,True,False,True,Chanakya Kala,Good condition,False
INSP00225,2026-06-03,SCH0440,False,True,True,True,True,,Needs repair,True
INSP00724,2025-09-08,SCH0237,False,False,True,True,True,Gaurav Seshadri,Good condition,False
INSP02555,2025-10-27,SCH0254,True,True,True,False,True,Amruta Nayar,Toilets locked,False
INSP02703,2025-09-14,SCH0179,True,True,True,True,True,Isaac Kibe,Good condition,False
INSP01434,2025-12-15,SCH0010,True,True,False,False,True,Abhimanyu Bhalla,Good condition,False
INSP02453,2025-06-03,SCH0291,True,True,False,False,False,,Good condition,True
INSP02891,2025-11-12,SCH0436,True,True,True,False,True,Gautam Hora,Good condition,False
INSP01459,2025-09-22,SCH0096,True,True,True,False,UNKNOWN,Anya Khanna,Toilets locked,False
INSP02841,2026-02-21,SCH0407,False,True,True,True,False,Hemal Tak,Average,False
INSP00847,2026-02-16,SCH0485,True,True,True,True,False,Omisha Shenoy,Toilets locked,False
INSP00194,2025-09-10,SCH0297,True,False,True,True,False,Anmol Raval,Good condition,False
INSP01465,2025-09-30,SCH0550,True,True,False,UNKNOWN,True,Tripti Kar,Good condition,False
INSP00947,2025-06-03,SCH0440,True,True,True,False,True,Anvi Dara,,False
INSP02022,2025-08-27,SCH0257,True,True,True,True,True,,Average,True
INSP01630,2025-04-10,SCH0210,True,True,True,True,True,Gavin Sekhon,Toilets locked,False
INSP00118,2025-07-14,SCH0432,True,True,True,False,False,Anita Agarwal,,False
INSP00646,2026-06-01,SCH0136,False,True,True,True,False,Tanish Dhingra,Average,False
INSP01871,2025-12-24,SCH0028,True,True,True,True,False,Madhavi Dutta,No remarks,False
INSP00004,2025-11-20,SCH0322,True,True,True,False,True,Yachana Dyal,Needs repair,False
INSP00075,2025-07-12,SCH0493,True,True,False,UNKNOWN,False,Farhan Nagi,Good condition,False
INSP01756,2026-12-02,SCH0287,False,True,False,True,True,Anvi Ray,,False
INSP00468,2025-09-26,SCH0531,False,True,True,True,UNKNOWN,Jairaj Malhotra,No remarks,False
INSP00006,2025-06-17,SCH0315,True,True,True,True,False,Chaitaly Yadav,,False
INSP01247,2025-04-30,SCH0229,True,True,True,True,False,Upkaar Gara,Toilets locked,False
INSP00920,2025-09-29,SCH0324,True,True,UNKNOWN,True,UNKNOWN,Dayita Handa,Good condition,False
INSP00229,2025-06-19,SCH0506,False,True,True,False,False,Naksh Koshy,Toilets locked,False
INSP01064,2025-11-02,SCH0558,True,True,True,True,True,Benjamin Krishna,Toilets locked,False
INSP00243,2025-10-28,SCH0581,True,False,False,False,True,Jai Doctor,Needs repair,False
INSP02403,2025-05-16,SCH0232,False,True,False,False,True,Matthew Rastogi,Good condition,False
INSP01161,2025-06-09,SCH0037,True,True,True,True,False,Varenya Viswanathan,,False
INSP02645,2026-01-11,SCH0397,False,True,True,True,True,,No remarks,True
INSP01527,2025-04-26,SCH0560,True,False,True,True,False,Pavani Banik,Toilets locked,False
INSP01606,2025-03-05,SCH0002,False,True,True,True,False,Charita Halder,,False
INSP02927,2025-05-01,SCH0209,True,True,True,True,False,Zashil Shetty,Average,False
INSP02677,2025-06-19,SCH0064,True,True,True,False,False,Indira Johal,Toilets locked,False
INSP01990,2026-04-01,SCH0287,UNKNOWN,True,True,True,True,Samesh Keer,Toilets locked,False
INSP02476,2026-02-19,SCH0268,True,True,False,False,True,Ronith Doctor,Good condition,False
INSP01976,2025-10-12,SCH0209,False,True,True,UNKNOWN,True,,Average,True
INSP01762,2025-12-18,SCH0509,True,False,False,True,True,Patrick Cheema,Average,False
INSP01306,2026-03-01,SCH0462,True,UNKNOWN,True,True,True,Ojasvi Chahal,No remarks,False
INSP01542,2025-08-21,SCH0062,False,True,True,True,False,Rehaan Saini,Good condition,False
INSP00623,2025-11-28,SCH0047,True,True,UNKNOWN,False,True,Abdul Kar,Needs repair,False
INSP02437,2026-06-03,SCH0017,True,True,False,UNKNOWN,False,Teerth Mandal,,False
INSP01494,2026-03-10,SCH0014,False,True,True,False,False,Pahal Batra,Average,False
INSP00111,2025-07-06,SCH0060,True,True,True,True,False,Benjamin Varty,No remarks,False
INSP02276,2025-07-25,SCH0405,True,True,True,False,False,,Toilets locked,True
INSP02388,2025-12-09,SCH0217,False,False,True,True,False,Edhitha Lall,Average,False
INSP01170,2025-05-21,SCH0571,True,True,True,False,True,Vidhi Dutta,Needs repair,False
INSP02589,2025-09-05,SCH0396,False,False,True,False,True,Gagan Iyengar,Good condition,False
INSP00233,2025-12-29,SCH0303,False,True,True,True,True,Yagnesh Wali,Toilets locked,False
INSP00067,2025-12-29,SCH0546,False,True,True,False,True,Alexander Devan,,False
INSP02847,2026-03-31,SCH0432,True,True,True,True,False,,,True
INSP02073,2026-05-02,SCH0228,True,True,True,True,True,Irya Hayer,No remarks,False
INSP02193,2025-12-31,SCH0479,True,True,True,True,False,Ojasvi Peri,No remarks,False
INSP00537,2025-05-31,SCH0144,True,True,True,True,False,Parth Rau,Average,False
INSP00126,2026-01-19,SCH0033,False,False,True,False,False,,Good condition,True
INSP02134,2025-01-04,SCH0213,False,True,True,True,False,Rehaan Chaudhuri,Needs repair,False
INSP01255,2025-09-02,SCH0568,True,True,True,True,True,Amol Sidhu,Needs repair,False
INSP02787,2025-08-10,SCH0311,True,True,False,True,True,Luke Ramakrishnan,Good condition,False
INSP01977,2025-11-10,SCH0194,True,True,True,True,False,Advaith Chana,,False
INSP02590,2025-06-20,SCH0005,True,True,True,False,True,,Needs repair,True
INSP02076,2026-02-03,SCH0183,True,True,True,True,True,Kashvi Agarwal,Good condition,False
INSP00485,2025-07-11,SCH0435,False,True,True,False,True,Rachit Rattan,Toilets locked,False
INSP01655,2025-09-27,SCH0024,True,False,True,False,False,Jai Aggarwal,No remarks,False
INSP02814,2025-10-02,SCH0295,True,False,True,True,False,Reva Dasgupta,Toilets locked,False
INSP02680,2026-02-20,SCH0119,True,True,True,True,True,Rohan Ramesh,Average,False
INSP01775,2025-12-06,SCH0180,True,True,True,True,True,Logan Sachdeva,No remarks,False
INSP00919,2026-03-09,SCH0222,True,True,True,True,False,Nitesh Om,Toilets locked,False
INSP01647,2026-08-02,SCH0445,True,True,False,UNKNOWN,False,Baghyawati Dada,Average,False
INSP01027,2025-04-11,SCH0318,True,UNKNOWN,False,True,True,,No remarks,True
INSP01031,2026-03-19,SCH0423,True,True,True,UNKNOWN,False,Daniel Peri,No remarks,False
INSP00883,2025-12-16,SCH0191,True,True,True,True,False,Bhanumati Bhatnagar,Toilets locked,False
INSP01336,2026-05-01,SCH0263,False,True,True,True,False,Megha Samra,Needs repair,False
INSP02342,2025-09-13,SCH0121,True,False,True,True,False,Leela Brar,No remarks,False
INSP00365,2025-05-07,SCH0482,True,True,True,True,False,Michael Narula,Toilets locked,False
INSP02126,2025-06-22,SCH0298,True,True,UNKNOWN,True,False,Chanchal Palan,Average,False
INSP00028,2026-03-30,SCH0591,False,UNKNOWN,True,False,False,Bhanumati Mallick,Needs repair,False
INSP00474,2025-09-04,SCH0496,True,True,False,True,False,Vihaan Barman,Good condition,False
INSP00526,2025-05-16,SCH0587,True,True,True,True,True,Yuvraj Kannan,Good condition,False
INSP00726,2025-10-20,SCH0261,True,False,True,True,False,Jason Majumdar,Toilets locked,False
INSP00056,2025-11-08,SCH0086,True,True,True,False,False,Veer Sama,,False
INSP00639,2025-11-27,SCH0211,False,True,True,True,True,Vasudha Kurian,No remarks,False
INSP00303,2025-07-31,SCH0172,False,True,True,False,True,Chatresh Manne,,False
INSP02743,2026-03-27,SCH0242,UNKNOWN,True,True,False,False,,Good condition,True
INSP01277,2025-11-04,SCH0061,False,True,False,True,False,Wridesh Yohannan,Toilets locked,False
INSP02772,2025-01-05,SCH0518,True,False,True,True,False,Upadhriti Som,Average,False
INSP00625,2026-03-08,SCH0034,True,True,True,False,UNKNOWN,Imaran Konda,Good condition,False
INSP02056,2026-01-21,SCH0230,UNKNOWN,True,True,UNKNOWN,True,Advika Kala,,False
INSP01281,2026-01-20,SCH0458,False,True,False,False,UNKNOWN,Ishaan Lal,Average,False
INSP01050,2025-07-10,SCH0587,UNKNOWN,True,True,True,True,Finn Babu,No remarks,False
INSP00337,2025-11-08,SCH0492,True,True,False,True,False,Ranbir Dayal,Good condition,False
INSP00048,2026-07-03,SCH0324,True,True,False,False,False,Charan Kala,Needs repair,False
INSP00107,2025-05-29,SCH0128,True,True,True,False,True,Mugdha Narula,Average,False
INSP01080,2025-12-04,SCH0150,True,True,False,True,True,Kashvi Bahl,Average,False
INSP02287,2026-02-14,SCH0322,True,True,True,False,True,,,True
INSP02262,2026-02-05,SCH0176,True,True,True,False,False,Sanaya Goyal,Good condition,False
INSP01145,2025-10-06,SCH0024,True,True,False,False,False,Rachana Walla,Average,False
INSP02510,2025-07-16,SCH0427,True,True,True,True,True,Jackson Pradhan,Needs repair,False
INSP02297,2025-09-20,SCH0072,True,True,True,False,True,Gayathri Sharaf,Toilets locked,False
INSP01837,2025-05-03,SCH0193,True,True,True,True,True,Widisha Sarma,Average,False
INSP01754,2025-10-11,SCH0294,True,True,True,False,False,Nitara Sampath,Good condition,False
INSP01102,2025-06-01,SCH0039,UNKNOWN,True,False,False,False,Frado Kota,,False
INSP01969,2025-12-30,SCH0297,True,True,True,True,False,Ikshita Singh,Average,False
INSP00524,2025-12-27,SCH0567,True,True,True,UNKNOWN,UNKNOWN,Triveni Pant,No remarks,False
INSP02281,2025-07-16,SCH0259,True,True,True,True,False,Umang Chaudhry,No remarks,False
INSP01429,2025-01-09,SCH0316,True,True,True,False,False,Nathan Sahni,No remarks,False
INSP02742,2025-04-23,SCH0231,True,True,True,False,False,Barkha Bala,Good condition,False
INSP00604,2025-08-03,SCH0552,True,True,True,True,True,Bhavini Narang,Needs repair,False
INSP01490,2025-07-05,SCH0316,False,False,True,True,True,Ryan Bhargava,Toilets locked,False
INSP02475,2025-07-04,SCH0496,True,True,True,True,False,Onkar Karan,,False
INSP00061,2025-11-05,SCH0518,False,True,True,False,False,Anamika Kapur,Good condition,False
INSP02890,2025-07-29,SCH0008,True,False,True,True,True,Samaksh Aurora,Needs repair,False
INSP00672,2025-11-30,SCH0230,True,False,True,True,False,Victor Bhakta,Average,False
INSP00093,2025-07-21,SCH0366,False,True,False,False,True,Yamini Maharaj,Average,False
INSP00667,2025-05-13,SCH0412,True,True,True,True,UNKNOWN,Suhani Nath,,False
INSP01888,2025-04-11,SCH0417,True,True,True,False,False,Krisha Ravi,Good condition,False
INSP00281,2026-03-02,SCH0477,False,False,True,False,False,Hemani Chopra,Toilets locked,False
INSP01720,2025-06-15,SCH0337,True,True,True,False,False,Radhika Kalla,Good condition,False
INSP00360,2025-10-20,SCH0382,False,False,True,False,True,Aarna Sharma,No remarks,False
INSP00900,2025-11-22,SCH0036,True,True,True,False,False,Nicholas Roy,Toilets locked,False
INSP01936,2025-09-23,SCH0141,False,True,True,True,True,,Good condition,True
INSP01995,2026-03-23,SCH0223,True,True,True,True,False,Advaith Prabhakar,Good condition,False
INSP00761,2025-01-07,SCH0520,False,True,True,True,True,Vasana Keer,Toilets locked,False
INSP02159,2025-04-04,SCH0090,True,UNKNOWN,False,True,False,,Needs repair,True
INSP02758,2025-12-23,SCH0096,False,True,False,False,False,Ishanvi Ratti,Average,False
INSP00043,2025-07-15,SCH0032,False,True,UNKNOWN,True,False,Unnati Shankar,,False
INSP02174,2025-04-30,SCH0509,False,True,True,True,False,Rachana Sem,No remarks,False
INSP00205,2025-11-16,SCH0411,UNKNOWN,False,True,True,True,Brijesh Virk,Toilets locked,False
INSP01474,2025-11-04,SCH0548,True,False,UNKNOWN,True,UNKNOWN,Ekapad Keer,Average,False
INSP02101,2025-10-07,SCH0004,True,True,True,False,False,,,True
INSP00069,2026-02-18,SCH0532,True,True,True,False,False,Anika Warrior,Needs repair,False
INSP01876,2025-10-01,SCH0587,True,True,True,True,True,Finn Khurana,Needs repair,False
INSP02600,2025-09-10,SCH0414,True,False,True,True,True,Faraj Mishra,,False
INSP02232,2025-07-17,SCH0375,True,True,False,False,True,Baghyawati Oak,No remarks,False
INSP00138,2025-08-22,SCH0075,True,False,False,False,True,Ira Atwal,Toilets locked,False
INSP00797,2025-05-06,SCH0319,True,True,True,False,True,Pranav Krishna,Needs repair,False
INSP02181,2025-08-05,SCH0033,True,True,True,True,False,Fariq Lad,Toilets locked,False
INSP02129,2026-03-04,SCH0244,False,False,True,True,True,Pavani Pal,Average,False
INSP00759,2025-09-22,SCH0246,False,UNKNOWN,False,False,True,Jhalak Thaman,No remarks,False
INSP00542,2026-02-22,SCH0411,True,True,True,False,False,Bhavna Subramanian,Average,False
INSP01020,2025-05-13,SCH0178,False,True,True,False,False,,Average,True
INSP02412,2025-07-24,SCH0457,False,True,False,False,False,Naksh Ghosh,Average,False
INSP00166,2025-07-05,SCH0309,False,True,True,UNKNOWN,True,,,True
INSP00249,2025-10-29,SCH0371,True,UNKNOWN,True,False,True,Onkar Dua,Toilets locked,False
INSP01332,2025-04-23,SCH0220,True,True,True,False,False,Ekansh Nayak,Good condition,False
INSP02018,2025-07-10,SCH0471,False,True,True,True,False,Eiravati Jani,No remarks,False
INSP00447,2026-01-02,SCH0143,True,True,True,True,False,Dalaja Rao,Needs repair,False
INSP01359,2025-05-20,SCH0446,False,True,True,True,True,Anmol Mand,Needs repair,False
INSP02146,2025-12-25,SCH0085,False,True,True,True,True,Gavin D’Alia,Toilets locked,False
INSP01330,2025-01-04,SCH0463,True,True,True,True,True,Champak Warrior,No remarks,False
INSP02151,2026-01-14,SCH0371,True,True,True,True,True,Indali Walla,Good condition,False
INSP00435,2025-11-19,SCH0189,True,True,True,UNKNOWN,True,,Needs repair,True
INSP02123,2026-01-23,SCH0226,True,False,True,True,False,Warjas Mall,Good condition,False
INSP00578,2025-12-24,SCH0109,True,True,True,False,False,Andrew Ahuja,Toilets locked,False
INSP02515,2025-06-01,SCH0135,False,True,True,True,True,Ijaya Karpe,No remarks,False
INSP01849,2025-05-14,SCH0345,True,True,False,True,True,Qasim Kanda,,False
INSP00763,2025-05-18,SCH0092,True,True,True,True,True,Isha Kohli,,False
INSP00389,2025-08-16,SCH0238,True,True,True,True,False,Aradhana Bumb,Average,False
INSP00236,2025-09-11,SCH0329,True,True,True,False,True,Fariq Sen,Average,False
INSP02740,2025-05-29,SCH0543,False,True,True,True,False,Tanmayi Puri,Average,False
INSP01985,2025-12-11,SCH0531,UNKNOWN,True,True,True,False,Tanvi Padmanabhan,Good condition,False
INSP00268,2025-12-30,SCH0206,UNKNOWN,True,True,True,True,Irya Mody,Needs repair,False
INSP00771,2025-09-05,SCH0309,True,UNKNOWN,True,False,False,Om Shenoy,,False
INSP02166,2025-12-12,SCH0471,UNKNOWN,UNKNOWN,True,UNKNOWN,True,Harshil Bhargava,Good condition,False
INSP00438,2025-04-28,SCH0417,True,False,True,False,False,Mitali Nair,Needs repair,False
INSP00674,2025-04-15,SCH0059,False,True,True,True,UNKNOWN,Chaman Naik,No remarks,False
INSP00250,2026-03-06,SCH0098,True,True,True,True,False,Ojas Doshi,Average,False
INSP02202,2026-05-03,SCH0312,True,True,True,False,UNKNOWN,Lakshmi Sami,Good condition,False
INSP01575,2025-09-17,SCH0311,True,True,True,True,False,Irya Narasimhan,Good condition,False
INSP02143,2026-02-13,SCH0452,True,True,False,False,False,Lila Taneja,Average,False
INSP02082,2025-04-13,SCH0181,True,True,UNKNOWN,True,False,Krisha Bal,No remarks,False
INSP02753,2025-09-28,SCH0270,True,True,True,UNKNOWN,True,Raagini Wason,No remarks,False
INSP02701,2025-09-07,SCH0025,True,True,True,False,False,Krishna Korpal,Toilets locked,False
INSP00449,2025-08-15,SCH0310,UNKNOWN,True,True,False,True,Anay Ben,No remarks,False
INSP01470,2026-07-03,SCH0268,False,True,True,True,True,Anika Sahota,Toilets locked,False
INSP00717,2026-02-16,SCH0242,True,True,True,True,False,Bachittar Talwar,Toilets locked,False
INSP02682,2025-09-23,SCH0574,True,True,True,False,True,Raagini Dube,No remarks,False
INSP02750,2025-10-02,SCH0187,True,True,True,False,True,Sara Chandra,Good condition,False
INSP02049,2025-06-16,SCH0259,True,True,True,True,False,,Average,True
INSP01902,2026-02-24,SCH0417,False,True,True,True,True,Ekanta Ganguly,Good condition,False
INSP01169,2025-06-01,SCH0435,True,True,False,True,False,Nikita Borah,,False
INSP00083,2025-12-30,SCH0130,True,True,True,True,False,Jai Sheth,,False
INSP02550,2026-01-03,SCH0330,True,False,UNKNOWN,True,False,Eesha Banerjee,Needs repair,False
INSP01461,2025-07-23,SCH0590,True,True,True,True,True,Qarin Wali,Needs repair,False
INSP01894,2025-12-18,SCH0238,True,True,True,False,False,Kai Oak,Average,False
INSP01669,2025-04-07,SCH0080,False,True,True,UNKNOWN,True,Charan Sura,Needs repair,False
INSP02001,2025-04-20,SCH0425,True,True,True,False,True,Jagvi Gour,,False
INSP00476,2025-10-25,SCH0241,True,True,UNKNOWN,True,False,Leela Palla,Toilets locked,False
INSP00518,2025-08-31,SCH0272,True,True,True,True,False,Alka Shere,No remarks,False
INSP00405,2025-09-03,SCH0290,True,True,False,False,True,,Good condition,True
INSP00385,2026-03-05,SCH0387,True,True,True,True,True,Kritika Setty,Toilets locked,False
INSP02762,2025-04-09,SCH0238,False,False,True,UNKNOWN,False,Faraj Sagar,No remarks,False
INSP02153,2025-11-04,SCH0354,True,True,True,True,False,Vasatika Suresh,Needs repair,False
INSP01634,2026-01-16,SCH0469,UNKNOWN,True,True,False,False,Chaman Chhabra,No remarks,False
INSP00689,2025-11-07,SCH0017,False,False,True,UNKNOWN,True,,,True
INSP01241,2025-07-18,SCH0170,False,True,True,UNKNOWN,False,Jai Mandal,Toilets locked,False
INSP00063,2025-07-20,SCH0464,True,True,True,True,False,Harsh Nagy,Average,False
INSP00853,2025-04-23,SCH0329,True,True,True,True,UNKNOWN,Atharv Balakrishnan,Good condition,False
INSP02892,2026-02-03,SCH0225,False,True,True,False,True,Sai Ram,Toilets locked,False
INSP02606,2025-07-24,SCH0429,False,True,True,True,False,Ria Bedi,Needs repair,False
INSP01263,2025-12-07,SCH0540,False,False,True,UNKNOWN,True,Gabriel Jaggi,No remarks,False
INSP00224,2025-12-13,SCH0562,True,True,False,False,True,Manan Patla,No remarks,False
INSP02194,2025-08-22,SCH0263,False,False,True,False,True,Qarin Suri,Average,False
INSP00374,2025-04-07,SCH0017,True,True,True,True,True,Fitan Yogi,Needs repair,False
INSP01825,2025-04-21,SCH0214,True,True,True,True,UNKNOWN,Lekha Chaudhari,Good condition,False
INSP02668,2025-08-16,SCH0580,False,True,True,True,True,Upkaar Khurana,No remarks,False
INSP02731,2026-01-11,SCH0585,True,True,True,True,True,Wakeeta Merchant,Needs repair,False
INSP02822,2026-01-13,SCH0432,UNKNOWN,True,True,True,True,Zayyan Oza,Good condition,False
INSP00010,2025-11-10,SCH0020,False,True,False,True,True,Wriddhish Golla,Needs repair,False
INSP01945,2026-03-17,SCH0235,True,UNKNOWN,True,False,True,Garima Devi,Good condition,False
INSP01839,2025-11-18,SCH0497,True,True,True,False,UNKNOWN,Mugdha Lad,Toilets locked,False
INSP00709,2026-02-13,SCH0377,True,True,UNKNOWN,True,True,Pooja D’Alia,No remarks,False
INSP00256,2026-03-07,SCH0478,UNKNOWN,True,True,True,True,Yashasvi Gade,No remarks,False
INSP01618,2025-11-22,SCH0116,False,UNKNOWN,True,True,False,Upma Savant,No remarks,False
INSP00390,2025-09-24,SCH0042,True,True,True,True,True,Xavier Keer,Needs repair,False
INSP01582,2025-12-01,SCH0279,True,True,True,False,False,Ojasvi Bassi,Needs repair,False
INSP00925,2025-12-11,SCH0488,False,UNKNOWN,True,False,True,Dalaja Nath,Good condition,False
INSP02037,2025-03-09,SCH0410,True,True,True,True,True,Sarthak Bhatti,Toilets locked,False
INSP02527,2025-12-27,SCH0430,False,True,True,True,UNKNOWN,Chatresh Mohan,Good condition,False
INSP01225,2025-06-21,SCH0596,False,True,UNKNOWN,True,False,Janani Mitter,Needs repair,False
INSP01947,2025-06-29,SCH0514,True,True,True,False,False,Nirja Toor,Average,False
INSP00740,2025-06-10,SCH0008,True,True,True,False,True,Praneel Chahal,Toilets locked,False
INSP00041,2025-09-22,SCH0116,True,True,True,True,UNKNOWN,Tanveer Garde,Needs repair,False
INSP00869,2026-02-21,SCH0441,True,True,True,False,True,Warinder Bhardwaj,Average,False
INSP00540,2025-10-01,SCH0067,True,True,False,True,True,Osha Kara,No remarks,False
INSP01372,2026-01-08,SCH0206,False,True,False,True,False,Upma Guha,No remarks,False
INSP01146,2025-04-22,SCH0341,True,True,True,True,False,Reyansh Yogi,Needs repair,False
INSP01032,2026-01-16,SCH0195,True,True,False,False,True,Aarnav Mittal,Average,False
INSP00373,2025-04-26,SCH0524,True,False,False,True,True,Benjamin Modi,,False
INSP00668,2025-07-06,SCH0127,UNKNOWN,True,True,True,False,Qabil Desai,Needs repair,False
INSP00358,2026-02-25,SCH0051,True,True,True,False,True,Ekapad Bava,Toilets locked,False
INSP00968,2026-02-23,SCH0203,True,True,True,True,True,Gavin Bera,Needs repair,False
INSP01354,2025-04-20,SCH0506,True,True,True,True,False,Irya Amble,Average,False
INSP01036,2026-01-24,SCH0586,True,True,True,True,True,Jack Rai,,False
INSP00471,2025-12-06,SCH0042,True,True,True,True,UNKNOWN,,No remarks,True
INSP01397,2026-02-13,SCH0596,False,True,True,False,False,Hamsini Sekhon,Good condition,False
INSP02756,2025-05-21,SCH0252,True,False,True,UNKNOWN,True,Saksham Hora,,False
INSP01550,2025-08-11,SCH0403,False,UNKNOWN,False,True,True,Teerth Narain,No remarks,False
INSP01257,2025-09-18,SCH0192,True,True,False,False,False,,Needs repair,True
INSP02095,2025-06-07,SCH0258,True,True,True,False,True,Bakhshi Bali,Good condition,False
INSP01556,2026-03-18,SCH0331,True,True,True,True,True,,Needs repair,True
INSP02722,2025-01-12,SCH0084,True,True,True,False,False,Madhav Dhawan,Good condition,False
INSP01251,2025-10-24,SCH0232,True,True,True,False,False,Ekanta Kuruvilla,Good condition,False
INSP01700,2025-12-07,SCH0208,False,True,True,False,False,Kamala Murty,Average,False
INSP01253,2025-04-05,SCH0421,True,True,UNKNOWN,True,UNKNOWN,,,True
INSP02923,2025-08-28,SCH0344,True,True,True,False,False,Darpan Dhaliwal,No remarks,False
INSP00080,2025-10-01,SCH0526,False,False,False,True,False,Jasmit Sampath,Average,False
INSP01173,2026-11-01,SCH0398,False,True,True,True,True,,Good condition,True
INSP00815,2025-09-22,SCH0419,True,True,True,True,True,Ayaan Din,Toilets locked,False
INSP01853,2025-08-16,SCH0132,True,UNKNOWN,True,False,True,Advik Korpal,Good condition,False
INSP02221,2026-03-26,SCH0499,False,True,UNKNOWN,True,False,,Good condition,True
INSP02765,2025-09-11,SCH0103,False,True,True,False,False,Pratyush Khosla,No remarks,False
INSP02106,2025-07-04,SCH0466,True,True,True,True,True,Elijah Dugar,Good condition,False
INSP00134,2025-04-24,SCH0266,True,True,True,True,False,Hredhaan Shere,Needs repair,False
INSP01141,2025-09-23,SCH0018,True,True,True,False,False,,,True
INSP00934,2026-01-24,SCH0156,True,True,True,True,False,Nitesh Varughese,Toilets locked,False
INSP00929,2025-04-01,SCH0534,True,False,UNKNOWN,UNKNOWN,False,Noah Deol,No remarks,False
INSP00824,2025-11-17,SCH0427,True,True,True,UNKNOWN,UNKNOWN,Harsh Konda,Average,False
INSP01532,2025-12-05,SCH0003,True,True,True,True,True,Bakhshi Butala,Toilets locked,False
INSP01215,2025-06-28,SCH0143,False,True,False,True,False,Jason Gill,Average,False
INSP00505,2026-02-25,SCH0109,False,True,True,True,False,Ekavir Tara,,False
INSP02396,2025-12-09,SCH0579,False,True,True,False,False,Alka Dua,Needs repair,False
INSP01997,2025-06-14,SCH0142,True,True,True,True,UNKNOWN,,Needs repair,True
INSP02435,2025-04-17,SCH0249,True,False,True,False,True,,Average,True
INSP01959,2025-05-22,SCH0567,False,False,True,True,True,Hredhaan Madan,Good condition,False
INSP01385,2025-11-18,SCH0212,True,True,True,True,False,Shravya Aggarwal,No remarks,False
INSP00895,2026-01-17,SCH0204,True,True,True,False,False,Vasana Chaudhuri,No remarks,False
INSP00829,2025-11-14,SCH0086,True,True,False,True,True,Amara Choudhry,Good condition,False
INSP02524,2025-04-23,SCH0558,True,True,True,True,False,Harrison Bhatnagar,Good condition,False
INSP01684,2025-09-19,SCH0248,True,True,True,False,True,Ekalinga Sachdeva,,False
INSP02707,2025-03-12,SCH0472,True,True,True,True,UNKNOWN,Aarush Agate,Toilets locked,False
INSP02643,2025-07-31,SCH0183,True,True,True,True,True,Samuel Dugar,Needs repair,False
INSP00653,2026-02-07,SCH0572,True,True,False,False,False,Aarini Narasimhan,,False
INSP00173,2025-07-06,SCH0151,True,True,True,True,UNKNOWN,,Good condition,True
INSP00039,2025-09-18,SCH0246,False,True,False,True,True,Ikshita Lanka,Needs repair,False
INSP00714,2026-01-24,SCH0147,True,True,True,UNKNOWN,True,Anamika Borde,No remarks,False
INSP00091,2026-01-06,SCH0496,True,True,False,True,True,Triveni Rao,Average,False
INSP01206,2025-07-17,SCH0278,True,True,True,True,False,,No remarks,True
INSP02603,2025-09-15,SCH0203,True,False,True,True,True,Qushi Merchant,Needs repair,False
INSP02718,2026-02-20,SCH0318,True,True,UNKNOWN,True,False,Manan Joshi,Good condition,False
INSP01828,2026-01-25,SCH0586,True,True,True,True,False,,Average,True
INSP01156,2025-03-08,SCH0214,True,True,False,False,False,Logan Kuruvilla,Needs repair,False
INSP01325,2026-03-13,SCH0278,True,True,True,True,False,Isaac Prabhakar,Average,False
INSP00217,2026-02-18,SCH0082,True,True,True,True,False,Ekani Sahni,No remarks,False
INSP00511,2026-01-20,SCH0265,False,True,False,False,False,Turvi Sundaram,Toilets locked,False
INSP01681,2025-07-10,SCH0037,True,True,False,True,False,Anjali Dua,Good condition,False
INSP00500,2025-08-23,SCH0062,False,True,False,True,True,Ekta Pandey,,False
INSP02609,2025-09-10,SCH0057,True,UNKNOWN,False,True,False,Manbir Sood,No remarks,False
INSP01857,2025-11-04,SCH0436,False,True,True,False,True,Amol Dutta,Needs repair,False
INSP01389,2025-05-26,SCH0306,True,True,True,False,True,Omaja Bal,No remarks,False
INSP01520,2025-04-23,SCH0498,False,True,True,False,False,,Toilets locked,True
INSP02387,2025-07-11,SCH0062,True,True,False,True,False,Unni Chauhan,Needs repair,False
INSP02861,2025-08-16,SCH0016,True,True,False,True,True,Vrishti Goel,Toilets locked,False
INSP02077,2025-07-17,SCH0077,UNKNOWN,False,True,True,False,David Patel,Average,False
INSP01541,2026-01-23,SCH0123,False,False,True,True,True,Yagnesh Buch,Average,False
INSP01218,2025-12-12,SCH0433,True,True,True,True,False,Priya Sen,,False
INSP01417,2025-07-19,SCH0094,True,True,True,True,UNKNOWN,Reyansh Tara,Needs repair,False
INSP02218,2026-01-26,SCH0013,True,True,True,True,True,Yashodhara Gopal,Average,False
INSP02650,2025-11-04,SCH0582,True,True,True,UNKNOWN,False,Nicholas Garg,Toilets locked,False
INSP01677,2025-10-19,SCH0599,True,True,True,False,True,Tanvi Kannan,Average,False
INSP01198,2025-04-28,SCH0322,True,True,False,False,False,Panini Narang,Needs repair,False
INSP01543,2025-04-23,SCH0365,True,UNKNOWN,True,False,False,Vritti Bassi,Average,False
INSP02540,2025-06-22,SCH0230,True,True,True,True,True,Hemal Jain,Good condition,False
INSP00954,2025-10-30,SCH0158,True,True,True,False,UNKNOWN,Vritti Tara,Average,False
INSP00751,2025-08-23,SCH0538,False,True,True,False,True,Lohit Karpe,Needs repair,False
INSP00235,2025-10-04,SCH0222,False,True,UNKNOWN,False,UNKNOWN,Isha Devan,Toilets locked,False
INSP00733,2025-04-04,SCH0235,True,True,True,False,False,Anamika Srivastava,No remarks,False
INSP01157,2025-08-11,SCH0361,True,True,False,True,True,Wishi Bhardwaj,Good condition,False
INSP02706,2026-02-28,SCH0450,False,True,True,False,True,Yoshita Jani,Good condition,False
INSP02446,2025-05-01,SCH0338,True,False,True,True,True,Urmi Thakur,Toilets locked,False
INSP01210,2026-04-02,SCH0287,False,True,True,True,True,,Good condition,True
INSP01066,2025-10-16,SCH0334,True,True,True,False,False,Zarna Oommen,Needs repair,False
INSP02157,2026-01-25,SCH0488,True,True,False,True,False,Samaksh Pant,Toilets locked,False
INSP01063,2025-05-30,SCH0554,True,False,True,False,True,Siddharth Divan,No remarks,False
INSP01168,2025-10-11,SCH0442,False,True,True,True,True,Ranveer Yohannan,Average,False
INSP01493,2025-04-12,SCH0330,True,True,True,True,True,Chaitanya Chand,Average,False
INSP00885,2025-11-12,SCH0531,UNKNOWN,True,True,False,False,,Good condition,True
INSP00144,2025-05-22,SCH0229,True,True,False,False,True,Brijesh Yadav,Toilets locked,False
INSP00851,2026-01-17,SCH0412,UNKNOWN,True,True,False,True,Devansh Sanghvi,,False
INSP00718,2025-09-09,SCH0555,True,True,True,True,False,,No remarks,True
INSP02985,2025-12-04,SCH0271,True,True,True,False,False,Adya Vasa,Average,False
INSP02503,2025-08-06,SCH0196,False,True,True,True,True,Lavanya Talwar,No remarks,False
INSP00265,2025-06-13,SCH0321,True,UNKNOWN,UNKNOWN,True,UNKNOWN,Chavvi Upadhyay,No remarks,False
INSP00076,2026-01-22,SCH0330,True,True,True,True,False,Girik Venkatesh,,False
INSP02493,2025-11-16,SCH0339,True,False,True,True,True,Meghana Sehgal,No remarks,False
INSP00396,2025-10-19,SCH0593,True,True,False,False,True,Chandran Solanki,,False
INSP02678,2025-11-19,SCH0451,True,True,True,False,True,Fariq Dixit,No remarks,False
INSP02225,2025-10-18,SCH0263,False,True,True,False,False,Falguni Ramanathan,Toilets locked,False
INSP02942,2025-07-02,SCH0254,False,False,True,UNKNOWN,False,Yash Bhakta,Average,False
INSP00397,2025-08-28,SCH0572,True,True,UNKNOWN,False,False,Gaurang Soni,Toilets locked,False
INSP01366,2025-07-14,SCH0012,True,False,UNKNOWN,False,UNKNOWN,,Needs repair,True
INSP02631,2026-03-04,SCH0527,False,True,True,True,UNKNOWN,Ayushman Apte,Toilets locked,False
INSP01904,2026-02-14,SCH0289,False,True,False,True,False,Chaman Hans,Needs repair,False
INSP00596,2025-12-14,SCH0055,True,False,True,True,False,Sanya Bhargava,No remarks,False
INSP02110,2025-10-07,SCH0565,True,True,True,False,False,Jagdish Kothari,Good condition,False
INSP01297,2025-02-08,SCH0020,True,True,True,True,False,Krish Chaudry,Toilets locked,False
INSP01822,2025-05-05,SCH0073,False,True,True,False,True,Tanmayi Sridhar,Toilets locked,False
INSP00873,2025-09-09,SCH0507,True,True,True,True,False,Vrinda Halder,No remarks,False
INSP02327,2025-11-04,SCH0273,True,UNKNOWN,True,True,True,,Good condition,True
INSP01549,2025-06-09,SCH0328,True,True,True,False,False,Pranav Tata,Needs repair,False
INSP00037,2025-06-27,SCH0369,False,False,True,True,True,Forum Tata,No remarks,False
INSP02658,2026-03-13,SCH0515,True,True,True,True,False,Nathan Jain,Good condition,False
INSP02144,2025-06-10,SCH0315,True,True,True,True,False,Krishna Munshi,Needs repair,False
INSP02689,2026-02-11,SCH0028,True,True,False,True,True,,,True
INSP00978,2026-03-10,SCH0041,True,True,True,True,True,Sai Prasad,No remarks,False
INSP01572,2025-05-31,SCH0442,False,True,True,False,False,Lucky Khurana,No remarks,False
INSP01123,2025-04-16,SCH0003,True,True,True,False,True,Omaja Shanker,Average,False
INSP02240,2025-04-28,SCH0160,True,True,True,True,False,Prisha Raghavan,Good condition,False
INSP02505,2025-12-16,SCH0461,False,True,True,True,True,Oliver Goda,Good condition,False
INSP01893,2026-02-28,SCH0560,True,True,True,False,UNKNOWN,Yash Singh,Average,False
INSP00676,2025-11-09,SCH0514,UNKNOWN,True,False,True,False,Sudiksha Thaker,Average,False
INSP00729,2026-09-02,SCH0555,True,True,True,True,True,Yashasvi Parsa,No remarks,False
INSP00413,2025-04-21,SCH0468,False,True,True,True,False,,Average,True
INSP01517,2025-11-10,SCH0208,True,True,False,False,True,Lohit Shenoy,Needs repair,False
INSP01650,2025-07-19,SCH0566,True,True,False,False,True,Ria Dyal,Toilets locked,False
INSP00826,2026-02-10,SCH0062,False,True,True,False,True,Upasna Badal,Average,False
INSP00617,2025-08-29,SCH0474,False,True,True,True,False,Peter Gulati,No remarks,False
INSP00115,2026-01-19,SCH0070,False,True,True,True,True,Wriddhish Shere,Toilets locked,False
INSP00418,2026-02-17,SCH0265,True,True,True,True,True,,,True
INSP01626,2025-05-16,SCH0196,True,True,UNKNOWN,True,True,Harish Pathak,Good condition,False
INSP00090,2026-02-13,SCH0175,True,False,True,False,True,Nidra Goswami,Toilets locked,False
INSP02083,2025-06-11,SCH0441,True,True,False,UNKNOWN,False,Januja Rajagopal,Toilets locked,False
INSP00754,2025-11-17,SCH0437,False,UNKNOWN,True,False,False,,,True
INSP02547,2025-09-25,SCH0331,True,True,True,False,False,Anjali Handa,Toilets locked,False
INSP01631,2025-06-16,SCH0016,True,False,True,False,False,Abeer Vora,Good condition,False
INSP00012,2025-10-18,SCH0202,True,False,True,True,False,Pavani Nair,Toilets locked,False
INSP02445,2025-04-16,SCH0533,True,True,True,False,True,Omisha Konda,Good condition,False
INSP00285,2025-09-20,SCH0327,False,True,True,True,True,Gauri Gill,Good condition,False
INSP01067,2026-02-26,SCH0080,True,True,False,True,False,Bhavna Modi,Needs repair,False
INSP01192,2025-06-16,SCH0600,True,True,True,True,False,,No remarks,True
INSP01441,2025-06-06,SCH0133,True,True,True,UNKNOWN,UNKNOWN,Harsh Vohra,Needs repair,False
INSP02944,2025-12-26,SCH0334,True,True,True,True,True,Chanakya Wagle,Needs repair,False
INSP02943,2026-02-15,SCH0206,True,True,True,False,True,Ranveer Mani,Toilets locked,False
INSP02850,2025-10-13,SCH0204,True,True,True,True,UNKNOWN,Jeremiah Buch,Average,False
INSP01569,2025-10-20,SCH0189,True,True,False,True,False,,,True
INSP02428,2026-10-01,SCH0254,False,True,True,True,False,Dayamai Yadav,Needs repair,False
INSP02710,2025-09-10,SCH0447,False,True,True,False,True,Alka Mani,Toilets locked,False
INSP01688,2025-07-29,SCH0466,True,False,True,False,True,Mason Bahl,Average,False
INSP00852,2025-09-05,SCH0435,False,True,True,True,False,Triveni Bhagat,Toilets locked,False
INSP02208,2025-04-05,SCH0390,False,True,True,False,True,Dev Char,Needs repair,False
INSP00896,2025-06-22,SCH0132,True,True,True,True,False,Advaith Grewal,Needs repair,False
INSP00497,2025-12-22,SCH0510,False,True,True,True,False,,Needs repair,True
INSP02306,2025-12-17,SCH0100,True,True,False,False,False,Mason Lal,Average,False
INSP01783,2025-05-20,SCH0474,True,True,False,True,False,Bishakha Narain,No remarks,False
INSP00336,2025-08-24,SCH0132,True,True,True,False,False,Dayita Sibal,Toilets locked,False
INSP00516,2025-05-10,SCH0197,True,True,True,True,False,Nimrat Chada,,False
INSP01349,2025-06-30,SCH0249,True,False,True,False,False,Abhiram Radhakrishnan,No remarks,False
INSP01016,2025-07-20,SCH0029,True,True,True,True,False,Joshua Bali,Good condition,False
INSP02951,2025-05-04,SCH0061,True,True,False,False,False,Abhimanyu Srivastava,Good condition,False
INSP01782,2025-04-10,SCH0100,True,True,True,True,True,Siddharth Sarin,,False
INSP02570,2026-03-22,SCH0028,True,False,True,False,True,Kalpit Bava,Needs repair,False
INSP01786,2025-11-27,SCH0166,True,UNKNOWN,True,True,True,Pahal Venkataraman,Average,False
INSP02071,2025-10-30,SCH0396,True,True,True,True,True,Vrinda Parmar,Toilets locked,False
INSP00357,2025-05-16,SCH0010,True,True,True,False,False,Yashvi Bhat,No remarks,False
INSP02995,2025-06-21,SCH0598,True,True,True,True,False,Zilmil Contractor,,False
INSP01313,2025-09-24,SCH0600,UNKNOWN,False,True,True,False,William Pall,Toilets locked,False
INSP01636,2026-02-27,SCH0187,UNKNOWN,True,True,True,True,Reva Venkatesh,Toilets locked,False
INSP00551,2025-04-09,SCH0036,False,True,True,True,False,Vinaya Shukla,Good condition,False
INSP02389,2025-07-06,SCH0273,True,False,True,True,True,Wishi Baral,No remarks,False
INSP02480,2025-12-18,SCH0055,True,True,True,False,False,Kamya Swamy,Average,False
INSP02522,2025-04-18,SCH0393,False,True,True,False,True,Keya Karnik,,False
INSP02266,2025-12-21,SCH0089,True,True,True,True,True,,No remarks,True
INSP01228,2025-11-05,SCH0142,False,False,True,False,True,,Average,True
INSP02818,2026-03-25,SCH0585,True,True,True,True,True,Rayaan Nori,Average,False
INSP00958,2026-02-28,SCH0125,True,True,False,True,False,Veer Andra,Good condition,False
INSP01774,2026-01-26,SCH0004,False,False,True,True,False,Irya Devan,No remarks,False
INSP02142,2025-05-25,SCH0089,True,True,True,False,False,Gauri Sangha,No remarks,False
INSP01009,2025-10-13,SCH0106,False,True,True,True,True,,Needs repair,True
INSP01093,2026-02-27,SCH0073,True,True,True,True,True,,Good condition,True
INSP02907,2025-09-07,SCH0288,True,False,UNKNOWN,True,False,Dominic Dua,Average,False
INSP00997,2025-06-14,SCH0599,True,True,True,True,False,Wriddhish Jaggi,Toilets locked,False
INSP01680,2025-06-07,SCH0107,True,True,True,False,False,Mohini Choudhury,Good condition,False
INSP00154,2025-06-01,SCH0260,UNKNOWN,False,True,False,False,Ladli Dora,Toilets locked,False
INSP02925,2025-06-04,SCH0296,False,True,False,True,False,Aarav Chad,Good condition,False
INSP00581,2025-10-31,SCH0326,False,True,True,True,True,Patrick Ramakrishnan,Toilets locked,False
INSP01471,2025-04-13,SCH0539,True,True,True,True,True,Dayamai Swamy,Good condition,False
INSP00704,2025-08-29,SCH0056,False,True,True,False,False,Akshay Choudhry,Needs repair,False
INSP01213,2025-07-13,SCH0464,True,True,True,UNKNOWN,True,Jhalak Chawla,Needs repair,False
INSP00897,2026-01-27,SCH0202,True,True,True,True,False,,,True
INSP00488,2025-07-28,SCH0254,True,True,True,False,True,,Toilets locked,True
INSP00560,2025-04-05,SCH0005,False,True,True,True,False,Atharv Krish,Toilets locked,False
INSP01142,2025-08-01,SCH0523,True,True,True,True,True,Samesh Korpal,Good condition,False
INSP01120,2025-11-30,SCH0371,True,True,True,False,False,Eesha Sarkar,Needs repair,False
INSP00513,2025-05-30,SCH0317,True,True,True,False,False,Faqid Mittal,,False
INSP00634,2025-05-23,SCH0551,True,False,True,False,UNKNOWN,Rushil Datta,Toilets locked,False
INSP02717,2025-05-11,SCH0132,True,False,True,False,True,Jagrati Sarna,Average,False
INSP01665,2025-12-05,SCH0010,True,True,True,True,True,Owen Lall,Needs repair,False
INSP01013,2025-09-15,SCH0091,UNKNOWN,True,True,False,False,Chakrika Gole,Good condition,False
INSP01932,2025-11-23,SCH0076,True,True,True,True,True,Amruta Sankar,Average,False
INSP01151,2026-01-17,SCH0539,True,True,True,True,UNKNOWN,Zansi Sarin,Toilets locked,False
INSP02948,2025-09-03,SCH0021,False,True,True,False,UNKNOWN,Isaiah Bava,Toilets locked,False
INSP00117,2026-02-19,SCH0532,False,True,UNKNOWN,False,False,Vritti Bahri,Needs repair,False
INSP00741,2025-06-29,SCH0568,True,True,True,False,True,Zinal Majumdar,Toilets locked,False
INSP02904,2025-04-21,SCH0451,True,True,True,False,True,Caleb Sha,Toilets locked,False
INSP01975,2025-10-01,SCH0497,True,True,True,False,False,Advik De,Average,False
INSP01082,2025-11-27,SCH0108,True,True,False,True,True,George Bandi,Needs repair,False
INSP01811,2026-01-30,SCH0260,False,True,False,False,True,Elijah Kapoor,No remarks,False
INSP00831,2025-06-23,SCH0206,UNKNOWN,True,True,True,False,Zaid Gour,,False
INSP00120,2025-06-23,SCH0416,True,True,UNKNOWN,False,True,Triveni Kara,Good condition,False
INSP00657,2026-02-21,SCH0022,True,False,True,True,True,Parth Dewan,Average,False
INSP02873,2026-12-01,SCH0360,True,True,True,False,False,Anay Boase,Good condition,False
INSP02830,2026-02-07,SCH0494,False,False,True,False,True,Vidhi Madan,Average,False
INSP00636,2026-01-20,SCH0086,True,UNKNOWN,True,UNKNOWN,False,Adweta Jaggi,Good condition,False
INSP00370,2025-09-18,SCH0403,False,False,True,False,True,Vasatika Rana,Average,False
INSP00269,2025-08-23,SCH0481,True,True,True,True,False,Zashil Rout,Toilets locked,False
INSP02704,2025-06-04,SCH0466,True,True,True,True,UNKNOWN,Manthan Peri,,False
INSP00047,2025-10-07,SCH0354,False,True,True,False,False,Vritti More,Good condition,False
INSP00992,2025-07-18,SCH0593,True,False,True,True,True,Vasana Shanker,,False
INSP00877,2025-04-05,SCH0114,True,False,True,False,False,Nirja Mutti,Toilets locked,False
INSP00774,2025-10-05,SCH0077,True,False,True,False,True,Chaaya Bose,Needs repair,False
INSP01220,2026-03-15,SCH0068,True,True,True,False,True,Fiyaz Brar,Average,False
INSP01127,2026-01-26,SCH0283,False,False,True,False,True,,Good condition,True
INSP00005,2025-06-17,SCH0123,True,True,True,UNKNOWN,False,Darpan Dani,Average,False
INSP01596,2026-01-28,SCH0199,True,True,UNKNOWN,True,False,Tanmayi Toor,Needs repair,False
INSP02312,2025-07-31,SCH0431,True,True,True,False,True,Tanvi Dass,No remarks,False
INSP02492,2025-07-06,SCH0495,False,True,False,False,False,Quincy Goel,Average,False
INSP01078,2025-12-10,SCH0135,True,True,UNKNOWN,False,True,,Average,True
INSP00838,2025-03-11,SCH0233,False,True,False,True,False,Eesha Boase,Average,False
INSP00682,2025-06-22,SCH0445,True,True,True,False,True,Samuel Bassi,Needs repair,False
INSP01716,2025-04-24,SCH0429,True,True,True,True,True,Urishilla Chandran,Average,False
INSP02353,2025-10-05,SCH0329,True,True,True,True,False,Amrita Walla,Average,False
INSP02618,2025-12-14,SCH0063,False,True,False,True,True,Vedant Sandhu,Good condition,False
INSP02362,2025-08-11,SCH0366,True,True,True,True,False,Harshil Tella,Average,False
INSP02198,2026-01-22,SCH0586,True,True,True,False,False,Tarak Palla,,False
INSP01149,2025-10-16,SCH0501,UNKNOWN,True,True,True,True,Yachana Nagy,Good condition,False
INSP00575,2025-03-08,SCH0077,True,True,False,False,True,Tanay Misra,,False
INSP00051,2025-01-11,SCH0243,True,True,True,True,False,Noah Behl,Average,False
INSP00854,2026-01-12,SCH0525,True,True,True,True,False,Varenya Raghavan,Average,False
INSP01983,2025-10-15,SCH0101,False,UNKNOWN,True,True,True,Ganga Boase,Needs repair,False
INSP01824,2025-03-05,SCH0203,True,True,True,True,False,Vivaan Raghavan,Needs repair,False
INSP00834,2026-02-23,SCH0566,False,True,True,False,True,,Needs repair,True
INSP01116,2025-09-27,SCH0090,True,True,True,True,False,Advika Mitra,No remarks,False
INSP01167,2025-08-10,SCH0305,True,True,UNKNOWN,True,False,Neha Singhal,Good condition,False
INSP02519,2025-04-03,SCH0379,True,True,True,True,True,,Average,True
INSP01907,2025-09-17,SCH0131,True,UNKNOWN,True,False,False,Alka Natt,Needs repair,False
INSP00972,2025-09-29,SCH0581,False,True,True,True,True,Yashica Char,Toilets locked,False
INSP02702,2025-11-07,SCH0024,True,True,True,True,True,Owen Korpal,Needs repair,False
INSP00400,2025-05-15,SCH0141,True,True,True,False,UNKNOWN,Saumya Sangha,Average,False
INSP02560,2025-08-24,SCH0570,False,True,True,True,False,,Needs repair,True
INSP02369,2025-10-14,SCH0401,True,True,True,UNKNOWN,True,Zaid Mann,Toilets locked,False
INSP00020,2025-05-04,SCH0025,True,True,False,True,True,Kashvi Sathe,,False
INSP00685,2026-03-07,SCH0389,True,False,True,True,False,Shravya Sami,Good condition,False
INSP00036,2025-12-24,SCH0125,False,True,True,True,True,Dev Deshmukh,Good condition,False
INSP02972,2025-11-22,SCH0321,UNKNOWN,True,True,UNKNOWN,False,,,True
INSP00525,2025-02-06,SCH0203,True,True,True,False,False,Chatura Sur,Needs repair,False
INSP02456,2026-03-14,SCH0051,True,True,True,True,True,Nicholas Sachar,No remarks,False
INSP00921,2025-09-23,SCH0037,True,True,True,False,True,Anthony Sangha,No remarks,False
INSP01842,2026-03-12,SCH0371,True,True,True,True,False,Forum Dugar,Good condition,False
INSP01891,2026-11-01,SCH0184,UNKNOWN,True,True,True,True,Om Chaudhuri,No remarks,False
INSP00538,2026-03-18,SCH0343,True,True,False,False,True,Rushil Rajagopal,Good condition,False
INSP01706,2025-10-06,SCH0593,False,False,True,True,True,Nirja Dugar,No remarks,False
INSP00246,2026-03-10,SCH0196,True,False,True,True,True,George Kadakia,,False
INSP00785,2026-03-02,SCH0276,True,True,True,True,False,Ekalinga Chauhan,Toilets locked,False
INSP01410,2025-09-19,SCH0076,True,True,True,False,False,Xiti Naik,Average,False
INSP02538,2025-08-04,SCH0308,True,True,True,True,True,Yasti Dhawan,Good condition,False
INSP00155,2025-12-05,SCH0096,True,True,True,False,UNKNOWN,Vincent Toor,No remarks,False
INSP01687,2025-06-18,SCH0444,False,True,False,True,False,Lajita Sandal,Good condition,False
INSP00626,2025-09-09,SCH0456,True,False,True,True,True,Jhalak Kibe,Toilets locked,False
INSP02734,2025-11-14,SCH0320,True,True,UNKNOWN,False,False,Theodore Sarkar,,False
INSP01347,2025-09-29,SCH0505,True,True,True,False,True,Jack Dutt,Needs repair,False
INSP00570,2026-03-13,SCH0043,True,False,True,True,UNKNOWN,Yadavi Krishnamurthy,Average,False
INSP01759,2025-10-05,SCH0416,False,True,True,True,True,,Good condition,True
INSP01817,2025-06-23,SCH0368,True,True,True,True,False,Daksh Narasimhan,Toilets locked,False
INSP02066,2025-10-16,SCH0151,False,False,True,False,True,Triya Bedi,Good condition,False
INSP00128,2025-05-27,SCH0312,True,False,True,False,True,Yashasvi Manda,Average,False
INSP02007,2025-12-20,SCH0217,True,True,True,UNKNOWN,True,Darika Atwal,Toilets locked,False
INSP00981,2026-01-26,SCH0476,True,True,True,True,True,,Good condition,True
INSP00191,2026-09-03,SCH0213,True,True,True,UNKNOWN,False,Maanav Pai,Toilets locked,False
INSP01140,2025-08-07,SCH0159,False,True,True,True,UNKNOWN,Theodore Krishnan,Needs repair,False
INSP00993,2025-10-29,SCH0165,False,False,True,False,False,Ria Sandhu,No remarks,False
INSP00700,2026-08-01,SCH0596,True,True,True,True,True,Hiral Issac,Good condition,False
INSP00607,2025-06-07,SCH0321,True,True,True,False,False,Chandran Balay,Good condition,False
INSP00181,2025-02-05,SCH0560,True,True,True,True,False,Chameli Kadakia,,False
INSP00302,2025-12-24,SCH0187,False,True,True,False,True,Girik Kumer,Toilets locked,False
INSP02545,2025-09-11,SCH0290,False,True,True,True,False,,,True
INSP02918,2026-01-07,SCH0132,True,True,True,UNKNOWN,True,Omkaar Mody,Toilets locked,False
INSP01061,2026-01-21,SCH0078,True,True,True,True,False,Vyanjana Gera,Average,False
INSP02962,2025-07-13,SCH0082,True,True,False,True,False,,,True
INSP02566,2025-10-27,SCH0535,True,True,False,True,True,Sai Ratti,Toilets locked,False
INSP01070,2025-05-19,SCH0265,False,True,False,True,True,Hemal Padmanabhan,,False
INSP02525,2026-10-02,SCH0124,True,True,True,False,False,,Needs repair,True
INSP02206,2025-07-08,SCH0541,False,False,True,False,True,Amruta Sankaran,Toilets locked,False
INSP01244,2026-03-16,SCH0382,False,True,True,True,UNKNOWN,Janani Arora,Good condition,False
INSP00017,2025-07-13,SCH0453,True,True,True,UNKNOWN,True,Aadhya Bajwa,,False
INSP00547,2025-12-06,SCH0279,UNKNOWN,True,True,True,True,Gagan Shankar,Good condition,False
INSP00659,2026-04-01,SCH0286,False,True,True,False,True,,Good condition,True
INSP02844,2026-02-26,SCH0022,False,True,True,False,False,Jairaj Bora,Average,False
INSP02876,2025-09-04,SCH0195,True,UNKNOWN,UNKNOWN,True,False,Qushi Bal,,False
INSP01505,2025-05-09,SCH0430,True,True,True,True,True,Zayan Bhavsar,,False
INSP00960,2025-07-14,SCH0185,True,True,True,False,UNKNOWN,Teerth Gole,Needs repair,False
INSP02332,2025-12-24,SCH0287,True,True,True,False,True,,No remarks,True
INSP00798,2026-01-14,SCH0593,True,True,True,False,True,Harinakshi Modi,Toilets locked,False
INSP00226,2025-08-08,SCH0064,True,False,False,True,False,,Toilets locked,True
INSP02075,2025-04-16,SCH0567,False,True,True,False,False,,Good condition,True
INSP01800,2025-08-13,SCH0404,True,True,True,True,True,Lavanya Varty,No remarks,False
INSP02486,2025-08-20,SCH0425,True,False,True,False,False,Ayaan Sabharwal,Average,False
INSP02278,2025-12-22,SCH0502,UNKNOWN,True,True,True,False,,Needs repair,True
INSP02086,2025-10-11,SCH0161,True,True,True,True,False,Fariq Sekhon,Average,False
INSP01694,2026-03-02,SCH0220,False,False,True,False,False,Ekansh Naik,Good condition,False
INSP02798,2025-09-12,SCH0037,True,True,True,True,False,Samaksh Munshi,,False
INSP01046,2026-04-03,SCH0052,True,True,False,True,False,Kalpit Gandhi,Average,False
INSP00470,2025-05-08,SCH0462,True,True,False,True,False,Alka Sule,Good condition,False
INSP00955,2025-12-12,SCH0116,False,True,True,False,True,Ati Behl,No remarks,False
INSP02736,2025-09-11,SCH0228,True,True,True,False,False,Avni Grewal,,False
INSP00640,2025-10-17,SCH0424,True,True,True,True,False,Qabil Balasubramanian,Good condition,False
INSP02921,2025-10-26,SCH0287,True,False,UNKNOWN,False,UNKNOWN,Gopal Sibal,Average,False
INSP01219,2025-01-11,SCH0302,True,True,True,True,False,Sachi Raju,Toilets locked,False
INSP01159,2026-02-16,SCH0338,True,UNKNOWN,True,False,True,Naveen Sabharwal,Average,False
INSP01416,2025-05-01,SCH0252,True,True,True,True,False,,No remarks,True
INSP02853,2025-06-13,SCH0544,True,True,True,True,True,Zehaan More,Toilets locked,False
INSP01528,2025-11-22,SCH0047,False,True,True,True,True,Megha Saini,,False
INSP01301,2025-09-24,SCH0118,True,True,True,True,True,,Needs repair,True
INSP01604,2025-08-12,SCH0477,True,True,False,True,False,Ikbal Guha,Toilets locked,False
INSP00161,2026-03-14,SCH0060,False,False,True,True,True,Advaith Kapur,Toilets locked,False
INSP01705,2025-04-06,SCH0380,True,True,False,False,True,,,True
INSP00957,2025-08-27,SCH0319,False,True,True,True,True,Isha Patel,Needs repair,False
INSP00878,2025-07-20,SCH0534,True,True,False,True,False,Bhavani Sodhi,,False
INSP01920,2025-04-04,SCH0293,True,True,True,True,False,Veda Singh,Average,False
INSP01885,2026-12-03,SCH0199,False,True,True,UNKNOWN,False,Om Dewan,Toilets locked,False
INSP02201,2025-08-24,SCH0059,True,True,True,False,False,Frederick Kohli,,False
INSP00099,2026-06-03,SCH0123,True,True,True,True,False,Chandran Savant,Average,False
INSP02970,2025-10-23,SCH0522,True,True,True,False,False,Amruta Hari,Good condition,False
INSP02558,2025-10-21,SCH0111,False,True,False,True,False,,Toilets locked,True
INSP00254,2025-02-09,SCH0406,True,True,True,True,False,Jonathan Pillai,No remarks,False
INSP00104,2025-07-17,SCH0205,True,True,True,UNKNOWN,True,Advaith Bhavsar,,False
INSP01446,2026-03-25,SCH0539,True,True,True,True,UNKNOWN,Harsh Mall,Good condition,False
INSP01444,2025-04-22,SCH0521,True,True,True,False,False,Nakul Saxena,No remarks,False
INSP01649,2025-11-14,SCH0082,True,True,True,False,False,Anya Sankaran,Toilets locked,False
INSP00587,2025-05-05,SCH0268,True,True,True,True,False,Jagat Patla,Good condition,False
INSP00628,2025-06-30,SCH0081,True,True,True,True,False,,Average,True
INSP01697,2025-07-27,SCH0449,True,True,False,True,True,Ansh Rout,No remarks,False
INSP02102,2026-03-03,SCH0422,True,True,True,False,False,Amruta Patel,Needs repair,False
INSP02200,2025-10-28,SCH0476,True,UNKNOWN,True,True,True,Nidra Radhakrishnan,Average,False
INSP00404,2025-07-22,SCH0015,True,True,True,False,True,Rayaan Gill,Good condition,False
INSP01155,2025-03-10,SCH0458,True,True,False,False,False,Aashi Bajaj,No remarks,False
INSP02256,2025-05-23,SCH0597,True,UNKNOWN,True,False,True,,,True
INSP02864,2025-10-11,SCH0473,True,True,True,False,False,Zehaan Krishnan,Toilets locked,False
INSP01683,2026-02-20,SCH0152,False,True,False,True,True,Daniel Balay,Average,False
INSP02057,2025-11-29,SCH0369,True,True,True,True,False,Baljiwan Saxena,Good condition,False
INSP00453,2025-10-07,SCH0026,UNKNOWN,True,True,True,False,Bishakha Nagar,No remarks,False
INSP02302,2026-02-15,SCH0536,True,False,True,True,True,Amara Mahal,No remarks,False
INSP01328,2025-04-18,SCH0081,True,UNKNOWN,True,False,False,Dayita Menon,Toilets locked,False
INSP02050,2026-01-07,SCH0280,True,True,True,True,False,Aashi Prashad,Toilets locked,False
INSP00881,2025-05-17,SCH0184,True,True,False,True,False,Nandini Tella,Average,False
INSP00624,2025-01-09,SCH0256,False,False,UNKNOWN,False,True,Darsh Datta,Average,False
INSP02394,2025-08-27,SCH0377,True,True,False,False,False,Laban Luthra,No remarks,False
INSP02914,2025-09-07,SCH0543,True,True,True,True,True,Unni Varma,Needs repair,False
INSP01788,2025-11-12,SCH0495,False,True,True,True,True,Kai Sankar,No remarks,False
INSP00263,2025-10-18,SCH0444,False,True,True,False,False,Keya Randhawa,Needs repair,False
INSP01635,2025-12-15,SCH0393,True,False,UNKNOWN,True,False,Vasudha Venkatesh,Average,False
INSP01439,2025-11-29,SCH0577,True,True,True,True,True,Ekiya Nayak,,False
INSP02199,2025-08-13,SCH0383,True,True,True,True,True,Orinder Dutta,Average,False
INSP01970,2025-08-08,SCH0164,UNKNOWN,True,True,False,False,Pavani Gola,Average,False
INSP02521,2025-12-09,SCH0443,True,True,True,False,True,,Good condition,True
INSP01803,2026-02-22,SCH0314,True,True,True,True,True,Triveni Goel,Needs repair,False
INSP00641,2025-07-04,SCH0079,True,True,True,UNKNOWN,True,Devika Kumar,No remarks,False
INSP02386,2025-12-31,SCH0357,True,False,True,True,False,,,True
INSP02599,2026-02-20,SCH0191,UNKNOWN,True,UNKNOWN,True,False,,,True
INSP02973,2026-03-03,SCH0028,True,True,True,True,False,Faqid Parmer,Needs repair,False
INSP01960,2026-02-28,SCH0240,True,False,True,False,True,,Good condition,True
INSP00489,2026-02-19,SCH0195,True,True,True,True,False,Kavya Gade,Good condition,False
INSP01844,2025-12-21,SCH0048,True,UNKNOWN,True,UNKNOWN,True,Harinakshi Gole,Average,False
INSP01735,2025-06-19,SCH0107,True,True,True,True,True,Eshana Bhatia,Needs repair,False
INSP00147,2025-07-09,SCH0201,True,True,True,True,True,Tejas Hora,Average,False
INSP01535,2025-06-09,SCH0247,True,True,True,False,UNKNOWN,Yutika Dugal,Toilets locked,False
INSP01987,2025-05-12,SCH0274,True,True,True,False,False,Jai Sarkar,Needs repair,False
INSP01370,2026-01-31,SCH0165,False,False,True,True,True,Manan Ravel,No remarks,False
INSP02451,2025-11-07,SCH0371,True,False,False,False,False,Maanas Patla,,False
INSP02812,2025-11-14,SCH0371,False,UNKNOWN,True,False,True,,,True
INSP00660,2025-09-01,SCH0055,True,False,False,True,False,Ranbir Mitra,No remarks,False
INSP01795,2025-04-23,SCH0197,True,True,False,True,True,Jacob Gaba,Good condition,False
INSP02512,2025-04-03,SCH0096,False,True,False,True,True,,Average,True
INSP00187,2025-10-22,SCH0527,True,True,True,True,True,Ganga Murty,No remarks,False
INSP01148,2025-09-06,SCH0363,True,True,True,True,True,Darika Sarna,Good condition,False
INSP00609,2025-05-12,SCH0593,False,True,True,True,True,Falak Kamdar,,False
INSP02192,2026-02-27,SCH0231,True,True,True,False,False,,No remarks,True
INSP02800,2025-05-20,SCH0019,True,True,True,False,True,Rajata Salvi,Good condition,False
INSP01931,2025-07-23,SCH0045,UNKNOWN,True,True,True,False,Veer Naik,,False
INSP00198,2025-12-27,SCH0403,True,False,True,True,True,Gaurika Kaur,Needs repair,False
INSP02328,2026-03-27,SCH0161,True,True,True,True,True,Charvi Parmer,Needs repair,False
INSP00294,2026-03-18,SCH0064,True,False,True,UNKNOWN,False,Michael Badami,,False
INSP00767,2025-08-23,SCH0248,True,True,True,True,False,Devansh Ganesh,Average,False
INSP00401,2025-07-14,SCH0040,True,True,False,True,True,Gunbir Sekhon,Average,False
INSP00123,2025-09-11,SCH0312,True,True,True,UNKNOWN,False,Pahal Parmar,,False
INSP00203,2025-07-18,SCH0274,False,True,True,False,False,Aadhya Sarna,Good condition,False
INSP00836,2026-02-13,SCH0504,True,True,True,True,False,Brinda Joshi,Good condition,False
INSP02295,2025-09-05,SCH0446,False,True,True,UNKNOWN,False,Yochana Mahal,,False
INSP01440,2025-12-11,SCH0352,False,True,True,True,True,Damini Comar,Good condition,False
INSP01734,2025-06-27,SCH0372,True,False,True,True,True,Christopher Sharaf,,False
INSP01696,2025-10-11,SCH0578,True,UNKNOWN,False,True,UNKNOWN,Pavani Vyas,Toilets locked,False
INSP01708,2025-04-16,SCH0037,True,False,False,False,True,Amol Keer,Average,False
INSP01154,2025-12-09,SCH0503,False,True,True,True,False,Vincent Modi,Toilets locked,False
INSP01662,2025-09-13,SCH0219,False,False,True,True,True,Upma Mammen,Good condition,False
INSP02433,2025-08-15,SCH0237,False,True,True,True,True,Harini Dhar,No remarks,False
INSP01760,2025-09-02,SCH0413,True,True,True,True,False,Chaaya Garg,Average,False
INSP00855,2026-01-26,SCH0431,True,True,True,True,True,Sanya Ganesan,Average,False
INSP01590,2025-12-23,SCH0340,True,True,True,True,True,Hardik Mistry,Good condition,False
INSP02268,2025-11-09,SCH0542,True,True,True,False,False,Nitesh Bhavsar,No remarks,False
INSP00642,2025-11-07,SCH0387,True,True,True,True,True,Kamya Sahota,Average,False
INSP00002,2026-02-26,SCH0529,True,True,False,False,True,Charita Rout,Toilets locked,False
INSP02161,2025-04-21,SCH0299,True,False,False,True,False,Isha Rattan,Good condition,False
INSP00699,2025-07-09,SCH0148,True,True,True,True,True,Mitali Kakar,Average,False
INSP01637,2025-07-04,SCH0445,True,True,False,UNKNOWN,False,Chandani Bedi,,False
INSP01292,2026-03-14,SCH0203,UNKNOWN,False,True,True,False,Xavier Banerjee,Toilets locked,False
INSP02999,2025-12-07,SCH0514,False,True,False,True,False,Harita Deep,Needs repair,False
INSP02490,2025-06-10,SCH0527,True,True,False,True,False,Yatin Nayak,,False
INSP01521,2025-07-02,SCH0515,False,True,False,False,False,Dalaja Comar,Needs repair,False
INSP01854,2026-01-31,SCH0201,True,True,False,True,True,Yasti Savant,Toilets locked,False
INSP01137,2025-11-05,SCH0358,True,True,True,True,True,,Toilets locked,True
INSP01632,2025-07-31,SCH0269,False,True,True,False,False,Baghyawati Dash,,False
INSP01999,2025-10-11,SCH0558,True,True,False,True,False,Oscar Bir,Needs repair,False
INSP00664,2025-10-09,SCH0235,True,False,True,True,False,,,True
INSP00684,2025-08-24,SCH0586,True,True,True,True,True,Edhitha Palla,Average,False
INSP01258,2025-05-05,SCH0388,True,True,True,False,True,Chandani Comar,,False
INSP00318,2025-08-21,SCH0387,True,True,True,True,False,Triveni Walla,Needs repair,False
INSP00649,2025-12-10,SCH0223,True,True,True,True,UNKNOWN,Kamala Parikh,Needs repair,False
INSP01435,2025-05-05,SCH0545,True,True,True,True,False,Harish Shroff,Average,False
INSP01480,2025-10-16,SCH0004,False,True,True,True,True,Meghana Sahota,,False
INSP00710,2025-12-13,SCH0336,True,True,True,True,True,Chanakya Nayak,Good condition,False
INSP01283,2025-07-12,SCH0021,False,True,False,True,False,,Good condition,True
INSP01769,2025-07-13,SCH0186,True,True,True,False,False,Yauvani Gulati,Needs repair,False
INSP00973,2026-03-22,SCH0534,False,True,True,True,True,Dipta Lad,Toilets locked,False
INSP02676,2025-05-11,SCH0385,True,False,False,UNKNOWN,UNKNOWN,Thomas Munshi,Good condition,False
INSP02681,2025-10-19,SCH0557,True,True,True,True,UNKNOWN,Qasim Dugar,Good condition,False
INSP01307,2025-10-12,SCH0534,False,True,False,True,UNKNOWN,Gauri Chaudhari,Toilets locked,False
INSP01401,2025-06-18,SCH0519,True,False,True,False,True,Liam Sandhu,Average,False
INSP01409,2025-08-07,SCH0110,True,True,True,True,True,Pahal Pillay,Average,False
INSP02238,2025-07-12,SCH0140,True,True,True,True,False,Kamya Tripathi,Toilets locked,False
INSP01497,2025-07-31,SCH0535,False,UNKNOWN,True,False,True,Chaaya Lalla,Average,False
INSP02039,2025-12-27,SCH0024,True,True,False,True,True,Luke Mann,Good condition,False
INSP01530,2025-06-05,SCH0182,False,True,False,True,True,Janya Swaminathan,No remarks,False
INSP01664,2025-11-30,SCH0076,False,True,True,False,True,,Good condition,True
INSP01355,2026-02-28,SCH0254,UNKNOWN,True,False,True,UNKNOWN,Abhimanyu Gera,Good condition,False
INSP01644,2026-08-01,SCH0229,True,True,True,True,False,Ekapad Butala,Average,False
INSP01052,2025-08-02,SCH0263,True,True,True,False,UNKNOWN,Avi Borra,Good condition,False
INSP00796,2026-03-25,SCH0552,True,True,True,UNKNOWN,True,Harita Prabhu,Good condition,False
INSP02694,2026-02-19,SCH0590,True,False,True,True,False,,Needs repair,True
INSP01598,2025-05-01,SCH0028,True,True,UNKNOWN,True,True,Tanveer Doctor,Good condition,False
INSP02605,2025-08-31,SCH0052,False,True,False,True,False,Zashil Khurana,Toilets locked,False
INSP02730,2026-03-17,SCH0524,False,True,False,True,False,Ishanvi Gokhale,No remarks,False
INSP02626,2025-06-18,SCH0050,True,True,False,False,False,,,True
INSP01820,2025-07-01,SCH0195,True,False,False,False,False,Ekiya Golla,Good condition,False
INSP01723,2026-02-02,SCH0304,False,True,False,False,False,Advika Babu,,False
INSP01184,2025-08-04,SCH0073,True,True,True,True,True,Aarnav Karan,No remarks,False
INSP02573,2025-10-15,SCH0264,True,True,True,True,False,Netra Mahal,Average,False
INSP01060,2026-02-15,SCH0598,True,True,False,True,True,Urvashi Mitter,Average,False
INSP00541,2025-07-25,SCH0485,True,True,True,True,True,Vasana Hegde,,False
INSP01679,2025-08-10,SCH0325,True,False,True,True,False,Mitali Deshmukh,Toilets locked,False
INSP02797,2025-06-13,SCH0594,True,True,True,UNKNOWN,UNKNOWN,Vinaya Oommen,No remarks,False
INSP02533,2025-12-28,SCH0182,True,True,True,True,True,Ekanta Bhandari,No remarks,False
INSP01758,2025-07-27,SCH0427,True,True,True,True,True,Anjali Sani,,False
INSP01924,2025-10-12,SCH0438,True,True,True,True,False,Rayaan Lala,No remarks,False
INSP00096,2025-06-13,SCH0244,True,True,True,False,False,Vrinda Karnik,,False
INSP01021,2025-06-01,SCH0103,True,True,True,False,True,Yoshita Borah,,False
INSP00564,2026-03-12,SCH0182,False,True,False,UNKNOWN,False,Jonathan Kanda,Toilets locked,False
INSP02791,2025-07-02,SCH0056,True,UNKNOWN,UNKNOWN,False,True,Max Agate,Average,False
INSP00864,2025-05-26,SCH0212,True,True,False,True,False,Zashil Srivastava,,False
INSP01485,2025-09-07,SCH0107,True,True,False,True,False,,No remarks,True
INSP02940,2025-08-02,SCH0356,False,False,True,True,True,Falguni Ganesan,No remarks,False
INSP01882,2026-03-23,SCH0223,UNKNOWN,True,False,True,False,Chatresh Muni,Toilets locked,False
INSP01039,2026-01-26,SCH0254,True,False,True,True,False,,Toilets locked,True
INSP00207,2025-06-10,SCH0297,True,True,True,True,True,Qadim Taneja,No remarks,False
INSP00393,2025-12-30,SCH0098,True,UNKNOWN,True,True,UNKNOWN,Abdul Mitter,Needs repair,False
INSP02843,2025-04-21,SCH0269,False,True,True,True,True,Chaaya Pall,,False
INSP00871,2025-10-26,SCH0510,True,False,UNKNOWN,False,False,Upadhriti Dhar,Average,False
INSP00398,2025-11-14,SCH0292,True,False,True,False,True,Ekansh Magar,,False
INSP02815,2025-05-15,SCH0173,False,False,True,False,True,Azaan Pingle,Toilets locked,False
INSP01029,2025-05-10,SCH0282,True,False,False,True,True,Mitali Sane,Needs repair,False
INSP02691,2026-01-16,SCH0084,True,True,True,True,True,Krishna Mukhopadhyay,,False
INSP01486,2026-01-19,SCH0210,True,False,True,UNKNOWN,True,Caleb Sha,Needs repair,False
INSP02661,2025-09-06,SCH0555,True,True,True,False,True,Netra Tiwari,Needs repair,False
INSP00961,2025-04-23,SCH0355,True,True,True,False,UNKNOWN,Aadi Kuruvilla,Toilets locked,False
INSP01571,2026-02-15,SCH0236,True,True,True,False,False,Damini Iyengar,Needs repair,False
INSP02774,2026-02-03,SCH0534,True,False,False,True,True,,Good condition,True
INSP01896,2025-07-22,SCH0507,True,True,True,False,True,Naveen Narain,Needs repair,False
INSP02732,2026-03-17,SCH0156,False,False,True,True,True,Dayamai Goyal,Good condition,False
INSP02147,2025-11-05,SCH0367,True,True,True,True,False,Ayushman Dixit,No remarks,False
INSP00805,2025-11-25,SCH0174,False,True,True,True,True,,Needs repair,True
INSP01752,2026-01-31,SCH0229,UNKNOWN,True,UNKNOWN,True,False,Abha Thakur,,False
INSP02455,2025-10-27,SCH0439,True,True,True,True,False,,Needs repair,True
INSP00503,2026-03-21,SCH0389,False,True,True,False,False,Krishna Dave,Toilets locked,False
INSP02978,2026-01-29,SCH0039,UNKNOWN,True,True,False,UNKNOWN,Kamya Goswami,Needs repair,False
INSP00780,2025-06-06,SCH0295,True,False,True,UNKNOWN,True,Balveer Sani,Toilets locked,False
INSP01864,2025-05-16,SCH0221,False,True,True,False,False,Aditya Ganguly,,False
INSP00201,2025-05-17,SCH0024,True,True,True,False,False,,Good condition,True
INSP02183,2025-05-20,SCH0267,True,True,UNKNOWN,True,True,Niharika De,Average,False
INSP02089,2026-02-19,SCH0557,UNKNOWN,True,False,False,False,Eesha Minhas,,False
INSP02279,2025-07-18,SCH0443,True,True,True,True,UNKNOWN,Jonathan Bava,No remarks,False
INSP01797,2025-08-19,SCH0267,True,True,True,UNKNOWN,True,Anthony Mani,Good condition,False
INSP00379,2025-09-17,SCH0024,True,False,True,UNKNOWN,False,Aarini Nagy,Good condition,False
INSP02337,2025-08-01,SCH0355,True,UNKNOWN,True,False,True,Chatresh Datta,,False
INSP00419,2025-07-07,SCH0522,True,True,False,True,True,Tanveer Vala,Good condition,False
INSP01699,2025-07-28,SCH0012,False,True,False,True,False,,,True
INSP00392,2025-09-25,SCH0403,True,True,True,UNKNOWN,True,Orinder Nanda,Needs repair,False
INSP02641,2026-07-03,SCH0233,False,True,False,False,True,Baghyawati Johal,Toilets locked,False
INSP01523,2025-06-10,SCH0463,False,True,False,True,False,Frado Chandran,Needs repair,False
INSP01163,2025-10-12,SCH0377,True,True,True,False,False,Xiti Chandra,Needs repair,False
INSP01496,2025-04-20,SCH0300,True,True,True,UNKNOWN,False,Umang Raman,,False
INSP02696,2025-11-14,SCH0159,True,True,True,False,False,Saumya Buch,Average,False
INSP02028,2025-09-03,SCH0104,True,True,True,True,True,Falak Patil,,False
INSP01153,2025-10-21,SCH0049,True,True,True,True,True,Bimala Hayer,Average,False
INSP01368,2025-12-05,SCH0132,True,False,True,False,False,Radha Tara,Good condition,False
INSP02569,2026-03-25,SCH0148,False,False,True,False,True,Warinder Chatterjee,,False
INSP00065,2025-11-26,SCH0368,True,True,True,True,UNKNOWN,Aarna Kala,,False
INSP02063,2026-02-06,SCH0136,False,True,True,True,True,Brijesh Sule,Needs repair,False
INSP01181,2025-09-26,SCH0285,False,True,False,False,False,Waida Shan,Toilets locked,False
INSP00493,2026-03-05,SCH0472,True,True,False,True,UNKNOWN,Daksh Thaker,Needs repair,False
INSP00380,2026-01-22,SCH0578,True,True,True,True,True,,Toilets locked,True
INSP02236,2026-01-21,SCH0526,True,True,True,False,False,Damyanti Pant,,False
INSP00764,2025-04-09,SCH0222,False,True,True,True,True,Girik Sethi,,False
INSP02265,2026-02-06,SCH0420,True,True,True,True,True,Mekhala Pingle,,False
INSP00792,2025-12-22,SCH0419,True,True,True,True,True,Girish Barad,Average,False
INSP01077,2026-02-13,SCH0302,True,True,True,True,True,Jatin Sarma,Toilets locked,False
INSP00879,2025-11-11,SCH0588,True,True,True,False,False,Yashodhara Chaudhuri,Good condition,False
INSP00338,2026-03-13,SCH0512,True,UNKNOWN,True,True,True,Hredhaan Bumb,Good condition,False
INSP02768,2026-12-01,SCH0095,True,True,True,True,False,Alka Srinivasan,No remarks,False
INSP02344,2026-01-03,SCH0343,True,True,True,True,False,Nathaniel Kata,Toilets locked,False
INSP01017,2025-04-06,SCH0331,False,False,True,True,False,Kala Wason,Good condition,False
INSP01276,2025-06-14,SCH0343,True,True,False,False,False,,Good condition,True
INSP00456,2025-10-04,SCH0302,True,True,True,True,True,Aahana Contractor,Good condition,False
INSP00816,2025-06-25,SCH0492,True,True,True,False,False,Amol Brahmbhatt,Average,False
INSP02318,2026-08-03,SCH0523,True,True,UNKNOWN,True,False,Brijesh Pai,Average,False
INSP00996,2025-06-23,SCH0389,False,True,False,False,True,Sathvik Pillai,Needs repair,False
INSP01982,2025-08-24,SCH0100,True,True,True,False,True,Avi Ratta,No remarks,False
INSP00202,2025-05-27,SCH0045,False,True,True,False,True,Upadhriti Bandi,Average,False
INSP00162,2025-07-11,SCH0395,True,True,False,True,False,Anmol Nagy,,False
INSP01580,2025-11-04,SCH0043,True,True,False,False,False,,Needs repair,True
INSP02778,2025-12-05,SCH0574,True,True,True,True,False,Adweta Deep,Toilets locked,False
INSP02450,2025-10-16,SCH0375,True,True,True,True,False,,,True
INSP00703,2025-08-31,SCH0463,True,True,True,True,False,Indali Mann,Good condition,False
INSP01501,2025-05-02,SCH0596,True,True,True,UNKNOWN,True,Ekaja Chhabra,No remarks,False
INSP01130,2025-12-28,SCH0411,False,True,True,False,False,Omkaar Bora,Toilets locked,False
INSP02614,2025-08-07,SCH0263,True,True,UNKNOWN,True,True,Charles Barad,,False
INSP01022,2026-01-04,SCH0261,True,False,True,True,False,Yashawini Mani,Needs repair,False
INSP01586,2025-04-05,SCH0182,UNKNOWN,True,True,True,False,Rudra Puri,Toilets locked,False
INSP01956,2025-07-15,SCH0409,False,True,True,True,False,Warhi Prasad,Good condition,False
INSP02254,2025-12-31,SCH0528,True,True,False,True,False,Triya Oommen,Average,False
INSP00035,2025-08-28,SCH0336,True,True,True,True,False,Warhi Gulati,Toilets locked,False
INSP00776,2025-04-07,SCH0091,False,False,True,True,True,Jatin Ahluwalia,No remarks,False
INSP02557,2026-02-06,SCH0078,False,True,False,False,True,Laksh Khatri,Needs repair,False
INSP01479,2025-12-01,SCH0245,False,True,True,True,True,Ekalinga Banerjee,Good condition,False
INSP01391,2025-03-06,SCH0083,False,True,False,False,True,Riya Pandey,Average,False
INSP02140,2025-05-15,SCH0450,True,True,False,True,True,David Bhardwaj,Good condition,False
INSP01364,2025-08-02,SCH0391,True,True,True,True,True,Kalpit Dixit,Needs repair,False
INSP02946,2026-02-16,SCH0479,True,True,False,False,True,Ethan Balay,No remarks,False
INSP02613,2025-04-22,SCH0288,UNKNOWN,False,True,False,False,,No remarks,True
INSP02825,2025-05-18,SCH0563,True,True,True,False,False,Vidhi Borah,,False
INSP02042,2025-08-23,SCH0255,False,False,True,True,True,Omya Kurian,Toilets locked,False
INSP00242,2025-05-23,SCH0160,True,True,UNKNOWN,True,True,Samaksh Kaul,Needs repair,False
INSP02062,2026-01-08,SCH0366,True,True,UNKNOWN,True,True,Panini Mukhopadhyay,,False
INSP02364,2025-07-31,SCH0288,True,True,UNKNOWN,UNKNOWN,True,Saumya Dyal,No remarks,False
INSP00601,2025-09-27,SCH0260,True,True,False,False,False,Dominic Sehgal,Needs repair,False
INSP02436,2025-11-11,SCH0229,True,False,False,True,False,Indira Ganesan,,False
INSP01298,2025-07-11,SCH0410,False,False,True,UNKNOWN,True,Mitesh Gokhale,Toilets locked,False
INSP02215,2026-03-01,SCH0108,False,True,True,UNKNOWN,True,Vrinda Srinivasan,Toilets locked,False
INSP02889,2025-11-06,SCH0258,False,True,True,True,UNKNOWN,Viraj Dua,Average,False
INSP02069,2026-03-27,SCH0164,UNKNOWN,True,True,False,True,,No remarks,True
INSP00647,2025-10-06,SCH0385,True,True,False,False,False,Akshay Saha,Average,False
INSP01529,2025-11-20,SCH0412,False,True,True,True,False,Nikita Pandya,,False
INSP02880,2025-07-23,SCH0151,True,True,True,False,False,Anmol Saxena,Toilets locked,False
INSP01268,2025-05-31,SCH0550,True,True,False,True,True,Oni Jaggi,Average,False
INSP01900,2025-08-10,SCH0293,UNKNOWN,False,True,True,False,Priya Sankar,Good condition,False
INSP00563,2025-08-30,SCH0221,False,False,True,False,False,Lohit Uppal,Good condition,False
INSP02735,2026-02-09,SCH0373,True,False,True,True,False,Hardik Ray,,False
INSP00190,2025-12-17,SCH0053,True,False,True,False,False,Rayaan Hayer,Average,False
INSP01807,2026-03-10,SCH0300,True,True,True,True,False,Jhalak Gopal,Needs repair,False
INSP00976,2025-04-02,SCH0068,True,True,True,True,False,Umang Dora,Needs repair,False
INSP02748,2025-04-09,SCH0562,True,True,True,False,True,Bhavika Balakrishnan,Needs repair,False
INSP02048,2026-03-03,SCH0142,True,True,UNKNOWN,True,True,Dhruv Shanker,No remarks,False
INSP02559,2026-02-23,SCH0007,False,True,True,True,True,Patrick Tak,No remarks,False
INSP01083,2025-12-16,SCH0139,True,True,False,UNKNOWN,False,Inaya Reddy,Toilets locked,False
INSP00475,2025-05-01,SCH0196,False,True,True,False,False,Yoshita Parmer,Average,False
INSP02905,2025-11-10,SCH0086,True,True,True,True,False,Avi Keer,No remarks,False
INSP00748,2025-04-16,SCH0141,True,True,True,False,True,,Needs repair,True
INSP02301,2025-08-20,SCH0509,False,True,True,True,True,,Good condition,True
INSP00022,2026-02-20,SCH0268,True,True,True,True,False,Aarini Baral,Good condition,False
INSP00460,2025-06-15,SCH0398,True,True,True,False,False,Charita Agate,,False
INSP01185,2026-02-26,SCH0279,UNKNOWN,True,True,UNKNOWN,UNKNOWN,Ekta Kamdar,Average,False
INSP02325,2025-01-09,SCH0008,True,True,UNKNOWN,True,False,Qushi Loyal,Average,False
INSP00956,2025-06-03,SCH0367,False,True,True,False,False,Gauri Bali,Toilets locked,False
INSP01216,2025-08-13,SCH0040,False,True,True,True,True,Kalpit Varkey,Needs repair,False
INSP02434,2025-10-05,SCH0105,False,True,True,False,False,Pahal Shukla,Toilets locked,False
INSP02854,2025-09-09,SCH0217,True,True,True,False,True,Tejas Aurora,Needs repair,False
INSP01516,2025-05-27,SCH0504,False,True,True,True,True,Dhruv Chander,Toilets locked,False
INSP02392,2026-01-07,SCH0224,True,True,True,False,True,Gayathri Panchal,Average,False
INSP00770,2025-05-12,SCH0349,UNKNOWN,UNKNOWN,True,False,False,Unnati Ram,Toilets locked,False
INSP01686,2025-08-24,SCH0452,True,True,True,True,False,,Average,True
INSP00131,2025-08-12,SCH0169,True,True,True,True,False,Kala Dubey,Average,False
INSP02920,2026-01-31,SCH0315,True,True,True,False,True,Lakshmi Mangal,Toilets locked,False
INSP02136,2026-01-22,SCH0114,False,True,True,True,True,Chaitaly Bhasin,,False
INSP01483,2025-07-24,SCH0354,True,True,True,True,True,Yashoda Sehgal,Good condition,False
INSP00331,2025-12-04,SCH0420,True,True,True,True,True,Balhaar Chatterjee,Average,False
INSP01239,2025-07-22,SCH0174,True,UNKNOWN,True,True,False,Qarin Mukhopadhyay,Needs repair,False
INSP00467,2025-05-05,SCH0438,True,True,True,True,True,Leela Bumb,Average,False
INSP02170,2025-05-16,SCH0490,True,True,True,True,False,Akshay Muni,,False
INSP01639,2025-09-09,SCH0305,True,True,True,True,False,,,True
INSP01096,2025-07-10,SCH0435,UNKNOWN,True,True,True,False,Caleb Bhakta,,False
INSP01131,2025-09-08,SCH0035,True,False,True,True,True,Chanchal Modi,Good condition,False
INSP01295,2025-09-29,SCH0549,False,True,UNKNOWN,True,True,Gaurang Raman,Good condition,False
INSP00861,2025-01-11,SCH0301,True,True,UNKNOWN,True,False,,No remarks,True
